date,year,month,wind_day_level,wind_night_level,temp_high,temp_low,weather_day,weather_night
2022年01月01日,2022,1,5-6,5-6,7.0,-7.0,多云 ,  多云
2022年01月02日,2022,1,3-4,3-4,0.0,-7.0,晴 ,  多云
2022年01月03日,2022,1,4-5,4-5,4.0,-6.0,多云 ,  晴
2022年01月04日,2022,1,3-4,3-4,0.0,-5.0,晴 ,  多云
2022年01月05日,2022,1,4-5,4-5,1.0,-4.0,多云 ,  晴
2022年01月06日,2022,1,4-5,4-5,0.0,-5.0,晴 ,  晴
2022年01月07日,2022,1,4-5,4-5,5.0,-3.0,晴 ,  晴
2022年01月08日,2022,1,4-5,4-5,4.0,-5.0,晴 ,  晴
2022年01月09日,2022,1,3-4,3-4,0.0,-5.0,多云 ,  多云
2022年01月10日,2022,1,4-5,4-5,-2.0,-8.0,阴 ,  晴
2022年01月11日,2022,1,4-5,4-5,-5.0,-9.0,晴 ,  多云
2022年01月12日,2022,1,4-5,4-5,-1.0,-7.0,小到中雪 ,  多云
2022年01月13日,2022,1,4-5,4-5,-2.0,-7.0,晴 ,  晴
2022年01月14日,2022,1,4-5,4-5,4.0,-3.0,晴 ,  多云
2022年01月15日,2022,1,4-5,4-5,4.0,-7.0,多云 ,  晴
2022年01月16日,2022,1,3-4,3-4,-1.0,-8.0,晴 ,  晴
2022年01月17日,2022,1,4-5,4-5,-1.0,-8.0,晴 ,  晴
2022年01月18日,2022,1,4-5,4-5,2.0,-7.0,多云 ,  小雪
2022年01月19日,2022,1,5-6,5-6,-7.0,-12.0,多云 ,  晴
2022年01月20日,2022,1,4-5,4-5,-5.0,-11.0,晴 ,  晴
,2022,1,,,,,,
2022年01月21日,2022,1,3-4,3-4,-2.0,-8.0,多云 ,  小雪
2022年01月22日,2022,1,4-5,4-5,0.0,-6.0,小雪 ,  多云
2022年01月23日,2022,1,4-5,4-5,-2.0,-6.0,晴 ,  晴
2022年01月24日,2022,1,4-5,4-5,-2.0,-6.0,多云 ,  多云
2022年01月25日,2022,1,4-5,4-5,2.0,-6.0,多云 ,  晴
2022年01月26日,2022,1,4-5,4-5,-1.0,-5.0,多云 ,  多云
2022年01月27日,2022,1,3-4,3-4,-2.0,-5.0,晴 ,  多云
2022年01月28日,2022,1,3-4,3-4,-2.0,-6.0,晴 ,  晴
2022年01月29日,2022,1,3-4,3-4,-1.0,-6.0,晴 ,  晴
2022年01月30日,2022,1,4-5,4-5,3.0,-3.0,晴 ,  多云
2022年01月31日,2022,1,4-5,4-5,3.0,-6.0,小雪 ,  多云
2022年02月01日,2022,2,4-5,4-5,-3.0,-6.0,晴 ,  晴
2022年02月02日,2022,2,3-4,3-4,0.0,-5.0,晴 ,  晴
2022年02月03日,2022,2,3-4,3-4,1.0,-7.0,晴 ,  晴
2022年02月04日,2022,2,4-5,4-5,-4.0,-9.0,多云 ,  晴
2022年02月05日,2022,2,4-5,4-5,0.0,-6.0,晴 ,  晴
2022年02月06日,2022,2,4-5,4-5,0.0,-3.0,晴 ,  多云
2022年02月07日,2022,2,3-4,3-4,3.0,-3.0,多云 ,  晴
2022年02月08日,2022,2,3-4,3-4,5.0,-1.0,晴 ,  晴
2022年02月09日,2022,2,3-4,3-4,7.0,1.0,晴 ,  晴
2022年02月10日,2022,2,3-4,3-4,8.0,1.0,晴 ,  晴
2022年02月11日,2022,2,4-5,4-5,7.0,-2.0,晴 ,  晴
2022年02月12日,2022,2,4-5,4-5,2.0,-4.0,多云 ,  阴
2022年02月13日,2022,2,4-5,4-5,2.0,-6.0,阴 ,  小到中雪
2022年02月14日,2022,2,4-5,4-5,-5.0,-9.0,阵雪 ,  晴
2022年02月15日,2022,2,4-5,4-5,-7.0,-9.0,多云 ,  多云
2022年02月16日,2022,2,4-5,4-5,-6.0,-9.0,多云 ,  晴
2022年02月17日,2022,2,3-4,3-4,-2.0,-8.0,晴 ,  多云
2022年02月18日,2022,2,4-5,4-5,2.0,-6.0,阴 ,  多云
2022年02月19日,2022,2,4-5,4-5,-4.0,-7.0,晴 ,  晴
2022年02月20日,2022,2,4-5,4-5,1.0,-7.0,晴 ,  晴
,2022,2,,,,,,
2022年02月21日,2022,2,4-5,4-5,-2.0,-6.0,晴 ,  小雪
2022年02月22日,2022,2,4-5,4-5,-2.0,-7.0,晴 ,  晴
2022年02月23日,2022,2,4-5,4-5,2.0,-5.0,晴 ,  晴
2022年02月24日,2022,2,4-5,4-5,7.0,1.0,晴 ,  晴
2022年02月25日,2022,2,4-5,4-5,9.0,3.0,晴 ,  雨夹雪
2022年02月26日,2022,2,4-5,4-5,6.0,2.0,多云 ,  晴
2022年02月27日,2022,2,3-4,3-4,10.0,2.0,晴 ,  晴
2022年02月28日,2022,2,4-5,4-5,10.0,0.0,多云 ,  阴
2022年03月01日,2022,3,3-4,3-4,5.0,1.0,晴 ,  晴
2022年03月02日,2022,3,4-5,4-5,9.0,1.0,晴 ,  晴
2022年03月03日,2022,3,4-5,4-5,9.0,2.0,晴 ,  晴
2022年03月04日,2022,3,5-6,5-6,13.0,1.0,晴 ,  晴
2022年03月05日,2022,3,5-6,5-6,4.0,0.0,晴 ,  晴
2022年03月06日,2022,3,4-5,4-5,6.0,1.0,多云 ,  阴
2022年03月07日,2022,3,4-5,4-5,10.0,2.0,多云 ,  晴
2022年03月08日,2022,3,3-4,3-4,10.0,2.0,晴 ,  晴
2022年03月09日,2022,3,4-5,4-5,9.0,1.0,多云 ,  多云
2022年03月10日,2022,3,4-5,4-5,14.0,4.0,晴 ,  多云
2022年03月11日,2022,3,4-5,4-5,10.0,5.0,多云 ,  多云
2022年03月12日,2022,3,4-5,4-5,9.0,5.0,小到中雨 ,  多云
2022年03月13日,2022,3,4-5,4-5,9.0,5.0,多云 ,  小到中雨
2022年03月14日,2022,3,3-4,3-4,8.0,2.0,阴 ,  多云
2022年03月15日,2022,3,4-5,4-5,13.0,3.0,多云 ,  多云
2022年03月16日,2022,3,4-5,4-5,7.0,0.0,多云 ,  多云
2022年03月17日,2022,3,5-6,5-6,5.0,-1.0,多云 ,  多云
2022年03月18日,2022,3,4-5,4-5,5.0,-1.0,雨夹雪 ,  中雪
2022年03月19日,2022,3,5-6,5-6,3.0,-2.0,多云 ,  晴
2022年03月20日,2022,3,3-4,3-4,7.0,2.0,晴 ,  晴
,2022,3,,,,,,
2022年03月21日,2022,3,3-4,3-4,9.0,2.0,多云 ,  晴
2022年03月22日,2022,3,3-4,3-4,8.0,4.0,多云 ,  阴
2022年03月23日,2022,3,4-5,4-5,11.0,5.0,晴 ,  多云
2022年03月24日,2022,3,4-5,4-5,14.0,8.0,多云 ,  阴
2022年03月25日,2022,3,4-5,4-5,9.0,6.0,中到大雨 ,  小雨
2022年03月26日,2022,3,4-5,4-5,12.0,5.0,晴 ,  多云
2022年03月27日,2022,3,4-5,4-5,10.0,5.0,晴 ,  晴
2022年03月28日,2022,3,4-5,4-5,12.0,6.0,晴 ,  多云
2022年03月29日,2022,3,4-5,4-5,12.0,6.0,多云 ,  小雨
2022年03月30日,2022,3,4-5,4-5,10.0,4.0,多云 ,  晴
2022年03月31日,2022,3,4-5,4-5,11.0,4.0,晴 ,  晴
2022年04月01日,2022,4,3-4,3-4,11.0,4.0,晴 ,  多云
2022年04月02日,2022,4,1-2,1-2,13.0,6.0,晴 ,  晴
2022年04月03日,2022,4,4-5,4-5,14.0,8.0,晴 ,  晴
2022年04月04日,2022,4,3-4,3-4,16.0,9.0,多云 ,  晴
2022年04月05日,2022,4,3-4,3-4,17.0,5.0,晴 ,  晴
2022年04月06日,2022,4,4-5,4-5,9.0,5.0,阵雨 ,  晴
2022年04月07日,2022,4,4-5,4-5,14.0,7.0,晴 ,  晴
2022年04月08日,2022,4,4-5,4-5,17.0,11.0,晴 ,  多云
2022年04月09日,2022,4,4-5,4-5,18.0,9.0,晴 ,  晴
2022年04月10日,2022,4,4-5,4-5,20.0,11.0,晴 ,  晴
2022年04月11日,2022,4,5-6,5-6,20.0,9.0,多云 ,  小到中雨
2022年04月12日,2022,4,4-5,4-5,15.0,8.0,阵雨 ,  多云
2022年04月13日,2022,4,4-5,4-5,14.0,8.0,晴 ,  多云
2022年04月14日,2022,4,4-5,4-5,12.0,8.0,多云 ,  晴
2022年04月15日,2022,4,4-5,4-5,16.0,8.0,晴 ,  晴
2022年04月16日,2022,4,3-4,3-4,17.0,10.0,晴 ,  晴
2022年04月17日,2022,4,4-5,4-5,17.0,11.0,多云 ,  多云
2022年04月18日,2022,4,4-5,4-5,20.0,9.0,多云 ,  晴
2022年04月19日,2022,4,4-5,4-5,19.0,12.0,晴 ,  晴
2022年04月20日,2022,4,4-5,4-5,21.0,13.0,晴 ,  晴
,2022,4,,,,,,
2022年04月21日,2022,4,4-5,4-5,20.0,11.0,多云 ,  阵雨
2022年04月22日,2022,4,3-4,3-4,17.0,10.0,晴 ,  晴
2022年04月23日,2022,4,4-5,4-5,19.0,12.0,晴 ,  多云
2022年04月24日,2022,4,3-4,3-4,20.0,10.0,多云 ,  多云
2022年04月25日,2022,4,4-5,4-5,17.0,11.0,多云 ,  阵雨
2022年04月26日,2022,4,4-5,4-5,21.0,11.0,雷阵雨 ,  晴
2022年04月27日,2022,4,3-4,3-4,17.0,11.0,晴 ,  阴
2022年04月28日,2022,4,4-5,4-5,15.0,9.0,阵雨 ,  多云
2022年04月29日,2022,4,3-4,3-4,17.0,10.0,晴 ,  多云
2022年04月30日,2022,4,4-5,4-5,17.0,11.0,多云 ,  晴
2022年05月01日,2022,5,3-4,3-4,20.0,10.0,晴 ,  晴
2022年05月02日,2022,5,4-5,4-5,19.0,11.0,晴 ,  晴
2022年05月03日,2022,5,4-5,4-5,23.0,15.0,晴 ,  晴
2022年05月04日,2022,5,4-5,4-5,25.0,15.0,晴 ,  晴
2022年05月05日,2022,5,4-5,4-5,23.0,14.0,晴 ,  多云
2022年05月06日,2022,5,4-5,4-5,18.0,12.0,阵雨 ,  多云
2022年05月07日,2022,5,4-5,4-5,18.0,12.0,晴 ,  多云
2022年05月08日,2022,5,3-4,3-4,15.0,10.0,阵雨 ,  多云
2022年05月09日,2022,5,3-4,3-4,17.0,11.0,晴 ,  多云
2022年05月10日,2022,5,3-4,3-4,16.0,11.0,多云 ,  阴
2022年05月11日,2022,5,3-4,3-4,18.0,12.0,多云 ,  阴
2022年05月12日,2022,5,3-4,3-4,19.0,12.0,多云 ,  多云
2022年05月13日,2022,5,4-5,4-5,20.0,13.0,多云 ,  晴
2022年05月14日,2022,5,4-5,4-5,20.0,12.0,晴 ,  晴
2022年05月15日,2022,5,3-4,3-4,21.0,14.0,晴 ,  晴
2022年05月16日,2022,5,3-4,3-4,23.0,13.0,晴 ,  晴
2022年05月17日,2022,5,3-4,3-4,20.0,13.0,晴 ,  多云
2022年05月18日,2022,5,3-4,3-4,24.0,13.0,晴 ,  晴
2022年05月19日,2022,5,3-4,3-4,22.0,15.0,晴 ,  多云
2022年05月20日,2022,5,3-4,3-4,24.0,16.0,晴 ,  晴
,2022,5,,,,,,
2022年05月21日,2022,5,4-5,4-5,25.0,18.0,晴 ,  晴
2022年05月22日,2022,5,3-4,3-4,28.0,16.0,晴 ,  晴
2022年05月23日,2022,5,4-5,4-5,29.0,18.0,晴 ,  晴
2022年05月24日,2022,5,4-5,4-5,28.0,15.0,晴 ,  雷阵雨
2022年05月25日,2022,5,4-5,4-5,23.0,15.0,多云 ,  晴
2022年05月26日,2022,5,4-5,4-5,25.0,16.0,多云 ,  多云
2022年05月27日,2022,5,4-5,4-5,26.0,18.0,晴 ,  多云
2022年05月28日,2022,5,4-5,4-5,28.0,18.0,晴 ,  多云
2022年05月29日,2022,5,4-5,4-5,26.0,16.0,雷阵雨 ,  中雨
2022年05月30日,2022,5,4-5,4-5,25.0,17.0,晴 ,  晴
2022年05月31日,2022,5,4-5,4-5,26.0,16.0,多云 ,  雷阵雨
2022年06月01日,2022,6,3-4,3-4,25.0,17.0,晴 ,  晴
2022年06月02日,2022,6,3-4,3-4,28.0,16.0,晴 ,  多云
2022年06月03日,2022,6,4-5,4-5,24.0,19.0,多云 ,  多云
2022年06月04日,2022,6,4-5,4-5,22.0,17.0,多云 ,  阴
2022年06月05日,2022,6,4-5,4-5,21.0,17.0,多云 ,  阴
2022年06月06日,2022,6,4-5,4-5,21.0,16.0,雷阵雨 ,  阵雨
2022年06月07日,2022,6,3-4,3-4,21.0,15.0,多云 ,  多云
2022年06月08日,2022,6,3-4,3-4,20.0,17.0,多云 ,  多云
2022年06月09日,2022,6,4-5,4-5,22.0,18.0,多云 ,  小到中雨
2022年06月10日,2022,6,4-5,4-5,22.0,17.0,雷阵雨 ,  多云
2022年06月11日,2022,6,4-5,4-5,23.0,18.0,多云 ,  多云
2022年06月12日,2022,6,4-5,4-5,23.0,18.0,雷阵雨 ,  阴
2022年06月13日,2022,6,4-5,4-5,23.0,18.0,雷阵雨 ,  雷阵雨
2022年06月14日,2022,6,4-5,4-5,21.0,17.0,中雨 ,  中到大雨
2022年06月15日,2022,6,3-4,3-4,21.0,17.0,阵雨 ,  晴
2022年06月16日,2022,6,3-4,3-4,26.0,19.0,晴 ,  多云
2022年06月17日,2022,6,4-5,4-5,23.0,19.0,多云 ,  多云
2022年06月18日,2022,6,4-5,4-5,23.0,19.0,阴 ,  多云
2022年06月19日,2022,6,3-4,3-4,24.0,19.0,多云 ,  阴
2022年06月20日,2022,6,3-4,3-4,25.0,20.0,多云 ,  多云
,2022,6,,,,,,
2022年06月21日,2022,6,3-4,3-4,26.0,20.0,多云 ,  多云
2022年06月22日,2022,6,4-5,4-5,25.0,20.0,多云 ,  中到大雨
2022年06月23日,2022,6,4-5,4-5,27.0,21.0,雷阵雨 ,  晴
2022年06月24日,2022,6,4-5,4-5,30.0,22.0,晴 ,  多云
2022年06月25日,2022,6,4-5,4-5,30.0,20.0,多云 ,  雷阵雨
2022年06月26日,2022,6,4-5,4-5,30.0,21.0,多云 ,  中到大雨
2022年06月27日,2022,6,5-6,5-6,26.0,21.0,大到暴雨 ,  小雨
2022年06月28日,2022,6,3-4,3-4,27.0,21.0,阴 ,  多云
2022年06月29日,2022,6,3-4,3-4,27.0,21.0,多云 ,  阵雨
2022年06月30日,2022,6,3-4,3-4,26.0,21.0,多云 ,  雷阵雨
2022年07月01日,2022,7,4-5,4-5,26.0,21.0,多云 ,  雷阵雨
2022年07月02日,2022,7,4-5,4-5,27.0,22.0,阴 ,  阴
2022年07月03日,2022,7,3-4,3-4,26.0,22.0,多云 ,  多云
2022年07月04日,2022,7,3-4,3-4,26.0,22.0,多云 ,  多云
2022年07月05日,2022,7,3-4,3-4,27.0,22.0,多云 ,  雷阵雨
2022年07月06日,2022,7,4-5,4-5,26.0,22.0,大雨 ,  暴雨
2022年07月07日,2022,7,4-5,4-5,28.0,23.0,阵雨 ,  多云
2022年07月08日,2022,7,3-4,3-4,31.0,23.0,晴 ,  多云
2022年07月09日,2022,7,3-4,3-4,31.0,23.0,晴 ,  晴
2022年07月10日,2022,7,3-4,3-4,27.0,22.0,雷阵雨 ,  多云
2022年07月11日,2022,7,3-4,3-4,26.0,22.0,多云 ,  多云
2022年07月12日,2022,7,4-5,4-5,26.0,22.0,雷阵雨 ,  大雨
2022年07月13日,2022,7,4-5,4-5,28.0,22.0,阴 ,  多云
2022年07月14日,2022,7,3-4,3-4,29.0,22.0,晴 ,  晴
2022年07月15日,2022,7,4-5,4-5,30.0,23.0,晴 ,  晴
2022年07月16日,2022,7,3-4,3-4,30.0,23.0,晴 ,  晴
2022年07月17日,2022,7,3-4,3-4,30.0,23.0,多云 ,  多云
2022年07月18日,2022,7,3-4,3-4,30.0,23.0,多云 ,  晴
2022年07月19日,2022,7,3-4,3-4,31.0,23.0,晴 ,  多云
2022年07月20日,2022,7,3-4,3-4,29.0,22.0,阵雨 ,  雷阵雨
,2022,7,,,,,,
2022年07月21日,2022,7,3-4,3-4,29.0,22.0,阵雨 ,  多云
2022年07月22日,2022,7,3-4,3-4,29.0,23.0,晴 ,  雷阵雨
2022年07月23日,2022,7,3-4,3-4,27.0,21.0,雷阵雨 ,  多云
2022年07月24日,2022,7,3-4,3-4,29.0,23.0,晴 ,  晴
2022年07月25日,2022,7,3-4,3-4,30.0,23.0,晴 ,  晴
2022年07月26日,2022,7,3-4,3-4,28.0,23.0,晴 ,  晴
2022年07月27日,2022,7,3-4,3-4,29.0,24.0,多云 ,  多云
2022年07月28日,2022,7,4-5,4-5,28.0,24.0,雷阵雨 ,  小到中雨
2022年07月29日,2022,7,4-5,4-5,28.0,24.0,中雨 ,  小雨
2022年07月30日,2022,7,3-4,3-4,29.0,24.0,阴 ,  多云
2022年07月31日,2022,7,3-4,3-4,28.0,24.0,多云 ,  多云
2022年08月01日,2022,8,3-4,3-4,30.0,25.0,多云 ,  多云
2022年08月02日,2022,8,3-4,3-4,31.0,26.0,多云 ,  多云
2022年08月03日,2022,8,3-4,3-4,32.0,26.0,晴 ,  晴
2022年08月04日,2022,8,3-4,3-4,32.0,26.0,多云 ,  雷阵雨
2022年08月05日,2022,8,3-4,3-4,31.0,25.0,多云 ,  多云
2022年08月06日,2022,8,3-4,3-4,31.0,25.0,多云 ,  多云
2022年08月07日,2022,8,4-5,4-5,29.0,24.0,中到大雨 ,  小到中雨
2022年08月08日,2022,8,4-5,4-5,30.0,23.0,多云 ,  多云
2022年08月09日,2022,8,3-4,3-4,27.0,21.0,小雨 ,  多云
2022年08月10日,2022,8,3-4,3-4,28.0,22.0,晴 ,  多云
2022年08月11日,2022,8,3-4,3-4,29.0,23.0,多云 ,  晴
2022年08月12日,2022,8,3-4,3-4,29.0,24.0,多云 ,  雷阵雨
2022年08月13日,2022,8,3-4,3-4,29.0,24.0,多云 ,  多云
2022年08月14日,2022,8,4-5,4-5,30.0,26.0,小到中雨 ,  大雨
2022年08月15日,2022,8,4-5,4-5,29.0,22.0,雷阵雨 ,  晴
2022年08月16日,2022,8,4-5,4-5,28.0,23.0,晴 ,  多云
2022年08月17日,2022,8,3-4,3-4,29.0,22.0,晴 ,  晴
2022年08月18日,2022,8,5-6,5-6,28.0,24.0,雷阵雨 ,  大雨
2022年08月19日,2022,8,4-5,4-5,30.0,22.0,多云 ,  晴
2022年08月20日,2022,8,3-4,3-4,28.0,20.0,晴 ,  晴
,2022,8,,,,,,
2022年08月21日,2022,8,4-5,4-5,28.0,23.0,多云 ,  中雨
2022年08月22日,2022,8,4-5,4-5,26.0,21.0,中到大雨 ,  多云
2022年08月23日,2022,8,4-5,4-5,26.0,20.0,晴 ,  晴
2022年08月24日,2022,8,3-4,3-4,28.0,22.0,晴 ,  多云
2022年08月25日,2022,8,4-5,4-5,27.0,20.0,多云 ,  晴
2022年08月26日,2022,8,4-5,4-5,28.0,18.0,雷阵雨 ,  晴
2022年08月27日,2022,8,4-5,4-5,25.0,19.0,晴 ,  晴
2022年08月28日,2022,8,3-4,3-4,24.0,18.0,多云 ,  阵雨
2022年08月29日,2022,8,4-5,4-5,23.0,18.0,小雨 ,  阴
2022年08月30日,2022,8,3-4,3-4,24.0,19.0,多云 ,  晴
2022年08月31日,2022,8,4-5,4-5,26.0,18.0,晴 ,  晴
2022年09月01日,2022,9,4-5,4-5,25.0,16.0,晴 ,  晴
2022年09月02日,2022,9,3-4,3-4,26.0,18.0,晴 ,  晴
2022年09月03日,2022,9,4-5,4-5,25.0,21.0,多云 ,  小雨
2022年09月04日,2022,9,4-5,4-5,25.0,18.0,小到中雨 ,  多云
2022年09月05日,2022,9,4-5,4-5,25.0,17.0,雷阵雨 ,  多云
2022年09月06日,2022,9,4-5,4-5,26.0,19.0,晴 ,  晴
2022年09月07日,2022,9,3-4,3-4,28.0,20.0,晴 ,  晴
2022年09月08日,2022,9,3-4,3-4,28.0,19.0,晴 ,  晴
2022年09月09日,2022,9,3-4,3-4,27.0,20.0,晴 ,  晴
2022年09月10日,2022,9,3-4,3-4,27.0,20.0,多云 ,  多云
2022年09月11日,2022,9,3-4,3-4,25.0,20.0,晴 ,  晴
2022年09月12日,2022,9,3-4,3-4,26.0,19.0,晴 ,  晴
2022年09月13日,2022,9,4-5,4-5,27.0,20.0,晴 ,  多云
2022年09月14日,2022,9,4-5,4-5,25.0,19.0,小到中雨 ,  大雨
2022年09月15日,2022,9,5-6,5-6,23.0,20.0,暴雨 ,  暴雨
2022年09月16日,2022,9,5-6,5-6,23.0,18.0,暴雨 ,  多云
2022年09月17日,2022,9,4-5,4-5,26.0,21.0,晴 ,  晴
2022年09月18日,2022,9,5-6,5-6,26.0,17.0,晴 ,  晴
2022年09月19日,2022,9,5-6,5-6,21.0,14.0,晴 ,  晴
2022年09月20日,2022,9,4-5,4-5,21.0,14.0,晴 ,  晴
,2022,9,,,,,,
2022年09月21日,2022,9,4-5,4-5,23.0,18.0,晴 ,  多云
2022年09月22日,2022,9,5-6,5-6,23.0,12.0,雷阵雨 ,  雷阵雨
2022年09月23日,2022,9,5-6,5-6,21.0,15.0,多云 ,  晴
2022年09月24日,2022,9,3-4,3-4,23.0,18.0,晴 ,  晴
2022年09月25日,2022,9,4-5,4-5,23.0,18.0,晴 ,  晴
2022年09月26日,2022,9,3-4,3-4,24.0,17.0,晴 ,  晴
2022年09月27日,2022,9,3-4,3-4,24.0,17.0,晴 ,  晴
2022年09月28日,2022,9,3-4,3-4,23.0,18.0,晴 ,  晴
2022年09月29日,2022,9,3-4,3-4,24.0,19.0,晴 ,  晴
2022年09月30日,2022,9,3-4,3-4,25.0,19.0,晴 ,  晴
2022年10月01日,2022,10,4-5,4-5,23.0,17.0,多云 ,  阵雨
2022年10月02日,2022,10,4-5,4-5,21.0,16.0,小到中雨 ,  多云
2022年10月03日,2022,10,5-6,5-6,20.0,9.0,小到中雨 ,  阴
2022年10月04日,2022,10,6-7,6-7,12.0,8.0,晴 ,  晴
2022年10月05日,2022,10,4-5,4-5,13.0,9.0,晴 ,  多云
2022年10月06日,2022,10,3-4,3-4,16.0,11.0,多云 ,  晴
2022年10月07日,2022,10,3-4,3-4,18.0,13.0,晴 ,  晴
2022年10月08日,2022,10,4-5,4-5,19.0,13.0,多云 ,  中到大雨
2022年10月09日,2022,10,5-6,5-6,15.0,7.0,中雨 ,  雷阵雨
2022年10月10日,2022,10,5-6,5-6,13.0,8.0,阴 ,  晴
2022年10月11日,2022,10,3-4,3-4,17.0,11.0,晴 ,  晴
2022年10月12日,2022,10,3-4,3-4,18.0,13.0,晴 ,  多云
2022年10月13日,2022,10,3-4,3-4,18.0,13.0,多云 ,  多云
2022年10月14日,2022,10,3-4,3-4,18.0,12.0,多云 ,  多云
2022年10月15日,2022,10,3-4,3-4,19.0,11.0,多云 ,  阴
2022年10月16日,2022,10,4-5,4-5,14.0,9.0,多云 ,  晴
2022年10月17日,2022,10,4-5,4-5,13.0,7.0,晴 ,  晴
2022年10月18日,2022,10,3-4,3-4,15.0,10.0,晴 ,  晴
2022年10月19日,2022,10,4-5,4-5,18.0,13.0,晴 ,  晴
2022年10月20日,2022,10,4-5,4-5,17.0,14.0,多云 ,  多云
,2022,10,,,,,,
2022年10月21日,2022,10,4-5,4-5,19.0,13.0,晴 ,  多云
2022年10月22日,2022,10,4-5,4-5,17.0,9.0,晴 ,  晴
2022年10月23日,2022,10,4-5,4-5,18.0,8.0,多云 ,  晴
2022年10月24日,2022,10,4-5,4-5,16.0,11.0,晴 ,  晴
2022年10月25日,2022,10,4-5,4-5,18.0,14.0,晴 ,  多云
2022年10月26日,2022,10,4-5,4-5,17.0,9.0,阴 ,  阴
2022年10月27日,2022,10,4-5,4-5,14.0,6.0,晴 ,  晴
2022年10月28日,2022,10,4-5,4-5,12.0,6.0,晴 ,  晴
2022年10月29日,2022,10,3-4,3-4,13.0,7.0,晴 ,  晴
2022年10月30日,2022,10,3-4,3-4,15.0,11.0,多云 ,  阵雨
2022年10月31日,2022,10,4-5,4-5,16.0,8.0,阴 ,  晴
2022年11月01日,2022,11,4-5,4-5,12.0,6.0,晴 ,  晴
2022年11月02日,2022,11,4-5,4-5,13.0,2.0,小雨 ,  小到中雨
2022年11月03日,2022,11,4-5,4-5,7.0,3.0,多云 ,  晴
2022年11月04日,2022,11,4-5,4-5,11.0,6.0,晴 ,  晴
2022年11月05日,2022,11,4-5,4-5,14.0,8.0,晴 ,  晴
2022年11月06日,2022,11,4-5,4-5,16.0,10.0,阴 ,  小雨
2022年11月07日,2022,11,3-4,3-4,16.0,6.0,多云 ,  晴
2022年11月08日,2022,11,3-4,3-4,15.0,9.0,晴 ,  多云
2022年11月09日,2022,11,3-4,3-4,16.0,12.0,多云 ,  阵雨
2022年11月10日,2022,11,3-4,3-4,16.0,14.0,阵雨 ,  多云
2022年11月11日,2022,11,3-4,4-5,16.0,14.0,阴 ,  小雨
2022年11月12日,2022,11,6-7,5-6,16.0,2.0,中雨 ,  多云
2022年11月13日,2022,11,5-6,4-5,6.0,2.0,晴 ,  多云
2022年11月14日,2022,11,4-5,4-5,12.0,7.0,晴 ,  晴
2022年11月15日,2022,11,3-4,3-4,13.0,5.0,晴 ,  晴
2022年11月16日,2022,11,3-4,4-5,14.0,9.0,晴 ,  晴
2022年11月17日,2022,11,3-4,3-4,16.0,8.0,晴 ,  多云
2022年11月18日,2022,11,3-4,3-4,13.0,9.0,多云 ,  多云
2022年11月19日,2022,11,3-4,3-4,15.0,8.0,多云 ,  多云
2022年11月20日,2022,11,3-4,4-5,12.0,6.0,多云 ,  多云
,2022,11,,,,,,
2022年11月21日,2022,11,4-5,4-5,10.0,3.0,多云 ,  晴
2022年11月22日,2022,11,3-4,3-4,8.0,4.0,多云 ,  多云
2022年11月23日,2022,11,3-4,3-4,13.0,7.0,晴 ,  多云
2022年11月24日,2022,11,4-5,4-5,15.0,11.0,多云 ,  多云
2022年11月25日,2022,11,4-5,4-5,16.0,2.0,阴 ,  晴
2022年11月26日,2022,11,4-5,4-5,10.0,1.0,晴 ,  多云
2022年11月27日,2022,11,4-5,4-5,13.0,9.0,小到中雨 ,  中到大雨
2022年11月28日,2022,11,4-5,5-6,12.0,-3.0,小雨 ,  多云
2022年11月29日,2022,11,5-6,5-6,-2.0,-7.0,阴 ,  阵雪
2022年11月30日,2022,11,4-5,4-5,-1.0,-9.0,阵雪 ,  多云
2022年12月01日,2022,12,4-5,4-5,0.0,-3.0,多云 ,  多云
2022年12月02日,2022,12,4-5,4-5,5.0,-1.0,多云 ,  多云
2022年12月03日,2022,12,4-5,4-5,0.0,-6.0,多云 ,  多云
2022年12月04日,2022,12,3-4,3-4,1.0,-6.0,晴 ,  晴
2022年12月05日,2022,12,4-5,4-5,4.0,0.0,晴 ,  晴
2022年12月06日,2022,12,4-5,4-5,5.0,2.0,晴 ,  晴
2022年12月07日,2022,12,4-5,3-4,6.0,2.0,晴 ,  晴
2022年12月08日,2022,12,3-4,3-4,9.0,1.0,晴 ,  晴
2022年12月09日,2022,12,3-4,4-5,7.0,0.0,多云 ,  阵雪
2022年12月10日,2022,12,4-5,4-5,2.0,-3.0,中到大雪 ,  晴
2022年12月11日,2022,12,3-4,4-5,4.0,-3.0,多云 ,  多云
2022年12月12日,2022,12,4-5,4-5,5.0,-1.0,多云 ,  晴
2022年12月13日,2022,12,5-6,5-6,1.0,-7.0,阵雪 ,  多云
2022年12月14日,2022,12,4-5,4-5,2.0,-6.0,多云 ,  阵雪
2022年12月15日,2022,12,4-5,4-5,-2.0,-8.0,多云 ,  晴
2022年12月16日,2022,12,4-5,4-5,-3.0,-9.0,多云 ,  阵雪
2022年12月17日,2022,12,4-5,4-5,-7.0,-10.0,阵雪 ,  阵雪
2022年12月18日,2022,12,4-5,3-4,-2.0,-10.0,多云 ,  多云
2022年12月19日,2022,12,3-4,3-4,3.0,-4.0,晴 ,  晴
2022年12月20日,2022,12,4-5,4-5,7.0,-1.0,多云 ,  多云
,2022,12,,,,,,
2022年12月21日,2022,12,4-5,4-5,-1.0,-8.0,晴 ,  多云
2022年12月22日,2022,12,5-6,5-6,-7.0,-10.0,阵雪 ,  多云
2022年12月23日,2022,12,5-6,5-6,-5.0,-10.0,阴 ,  多云
2022年12月24日,2022,12,4-5,4-5,-2.0,-6.0,多云 ,  晴
2022年12月25日,2022,12,4-5,3-4,-2.0,-5.0,晴 ,  晴
2022年12月26日,2022,12,3-4,3-4,0.0,-5.0,晴 ,  晴
2022年12月27日,2022,12,4-5,4-5,3.0,-6.0,多云 ,  多云
2022年12月28日,2022,12,4-5,3-4,0.0,-4.0,晴 ,  晴
2022年12月29日,2022,12,4-5,3-4,0.0,-5.0,晴 ,  晴
2022年12月30日,2022,12,4-5,4-5,3.0,-2.0,晴 ,  晴
2022年12月31日,2022,12,3-4,3-4,5.0,-4.0,晴 ,  晴
2023年01月01日,2023,1,4-5,3-4,0.0,-5.0,晴 ,  晴
2023年01月02日,2023,1,3-4,3-4,-1.0,-5.0,晴 ,  晴
2023年01月03日,2023,1,3-4,3-4,2.0,-5.0,晴 ,  晴
2023年01月04日,2023,1,3-4,3-4,2.0,-3.0,晴 ,  晴
2023年01月05日,2023,1,3-4,3-4,6.0,0.0,晴 ,  多云
2023年01月06日,2023,1,4-5,4-5,6.0,-4.0,阴 ,  晴
2023年01月07日,2023,1,3-4,3-4,4.0,-3.0,晴 ,  多云
2023年01月08日,2023,1,4-5,4-5,8.0,-2.0,晴 ,  晴
2023年01月09日,2023,1,4-5,3-4,2.0,-3.0,晴 ,  晴
2023年01月10日,2023,1,3-4,3-4,6.0,-1.0,晴 ,  晴
2023年01月11日,2023,1,3-4,3-4,7.0,3.0,多云 ,  多云
2023年01月12日,2023,1,3-4,3-4,9.0,5.0,小雨 ,  小到中雨
2023年01月13日,2023,1,5-6,5-6,4.0,-8.0,阴 ,  多云
2023年01月14日,2023,1,5-6,5-6,-7.0,-11.0,多云 ,  晴
2023年01月15日,2023,1,4-5,4-5,-6.0,-11.0,晴 ,  晴
2023年01月16日,2023,1,3-4,4-5,0.0,-9.0,晴 ,  多云
2023年01月17日,2023,1,4-5,3-4,3.0,-6.0,晴 ,  晴
2023年01月18日,2023,1,4-5,4-5,4.0,-3.0,晴 ,  晴
2023年01月19日,2023,1,4-5,5-6,5.0,-9.0,晴 ,  晴
2023年01月20日,2023,1,4-5,3-4,-2.0,-9.0,晴 ,  晴
,2023,1,,,,,,
2023年01月21日,2023,1,4-5,3-4,4.0,-2.0,晴 ,  多云
2023年01月22日,2023,1,4-5,4-5,3.0,-12.0,多云 ,  晴
2023年01月23日,2023,1,4-5,4-5,-12.0,-15.0,多云 ,  阵雪
2023年01月24日,2023,1,4-5,4-5,-8.0,-16.0,阵雪 ,  多云
2023年01月25日,2023,1,4-5,4-5,-2.0,-8.0,晴 ,  晴
2023年01月26日,2023,1,4-5,4-5,-1.0,-9.0,多云 ,  晴
2023年01月27日,2023,1,4-5,4-5,-4.0,-5.0,晴 ,  晴
2023年01月28日,2023,1,3-4,3-4,2.0,-4.0,晴 ,  晴
2023年01月29日,2023,1,4-5,3-4,3.0,-2.0,晴 ,  晴
2023年01月30日,2023,1,3-4,4-5,7.0,1.0,晴 ,  晴
2023年01月31日,2023,1,3-4,5-6,6.0,-2.0,晴 ,  晴
2023年02月01日,2023,2,5-6,4-5,0.0,-5.0,晴 ,  晴
2023年02月02日,2023,2,3-4,3-4,-1.0,-6.0,多云 ,  多云
2023年02月03日,2023,2,3-4,3-4,4.0,-3.0,晴 ,  晴
2023年02月04日,2023,2,3-4,3-4,4.0,-1.0,晴 ,  晴
2023年02月05日,2023,2,4-5,3-4,8.0,0.0,多云 ,  晴
2023年02月06日,2023,2,4-5,3-4,5.0,-2.0,多云 ,  晴
2023年02月07日,2023,2,3-4,3-4,4.0,-2.0,晴 ,  晴
2023年02月08日,2023,2,3-4,3-4,3.0,-2.0,晴 ,  多云
2023年02月09日,2023,2,3-4,3-4,3.0,0.0,多云 ,  阴
2023年02月10日,2023,2,3-4,3-4,5.0,0.0,多云 ,  多云
2023年02月11日,2023,2,3-4,4-5,7.0,0.0,多云 ,  多云
2023年02月12日,2023,2,4-5,4-5,4.0,-4.0,雨夹雪 ,  多云
2023年02月13日,2023,2,4-5,4-5,-1.0,-4.0,晴 ,  晴
2023年02月14日,2023,2,4-5,4-5,0.0,-7.0,晴 ,  晴
2023年02月15日,2023,2,4-5,3-4,0.0,-6.0,晴 ,  晴
2023年02月16日,2023,2,3-4,3-4,6.0,0.0,晴 ,  晴
2023年02月17日,2023,2,3-4,3-4,7.0,2.0,多云 ,  多云
2023年02月18日,2023,2,3-4,4-5,6.0,-2.0,小雨 ,  小雪
2023年02月19日,2023,2,4-5,4-5,5.0,-4.0,晴 ,  晴
2023年02月20日,2023,2,4-5,3-4,0.0,-5.0,晴 ,  晴
,2023,2,,,,,,
2023年02月21日,2023,2,3-4,3-4,1.0,-4.0,晴 ,  多云
2023年02月22日,2023,2,4-5,3-4,6.0,1.0,多云 ,  晴
2023年02月23日,2023,2,3-4,4-5,7.0,-2.0,多云 ,  多云
2023年02月24日,2023,2,4-5,4-5,1.0,-2.0,晴 ,  晴
2023年02月25日,2023,2,3-4,3-4,4.0,0.0,晴 ,  晴
2023年02月26日,2023,2,3-4,3-4,8.0,2.0,晴 ,  晴
2023年02月27日,2023,2,4-5,4-5,10.0,3.0,晴 ,  多云
2023年02月28日,2023,2,4-5,3-4,9.0,0.0,多云 ,  晴
2023年03月01日,2023,3,4-5,4-5,9.0,-2.0,多云 ,  晴
2023年03月02日,2023,3,4-5,4-5,8.0,1.0,晴 ,  晴
2023年03月03日,2023,3,3-4,3-4,11.0,2.0,晴 ,  晴
2023年03月04日,2023,3,3-4,3-4,9.0,3.0,晴 ,  多云
2023年03月05日,2023,3,4-5,4-5,12.0,3.0,多云 ,  多云
2023年03月06日,2023,3,4-5,3-4,15.0,3.0,多云 ,  晴
2023年03月07日,2023,3,4-5,4-5,11.0,4.0,多云 ,  阴
2023年03月08日,2023,3,4-5,3-4,10.0,3.0,阴 ,  多云
2023年03月09日,2023,3,3-4,4-5,13.0,5.0,晴 ,  晴
2023年03月10日,2023,3,4-5,4-5,13.0,4.0,多云 ,  阴
2023年03月11日,2023,3,4-5,5-6,11.0,1.0,阴 ,  多云
2023年03月12日,2023,3,5-6,3-4,4.0,-2.0,晴 ,  晴
2023年03月13日,2023,3,4-5,4-5,11.0,4.0,多云 ,  多云
2023年03月14日,2023,3,4-5,4-5,13.0,4.0,多云 ,  多云
2023年03月15日,2023,3,4-5,3-4,7.0,2.0,晴 ,  晴
2023年03月16日,2023,3,3-4,3-4,7.0,1.0,晴 ,  多云
2023年03月17日,2023,3,3-4,3-4,7.0,3.0,多云 ,  多云
2023年03月18日,2023,3,3-4,3-4,9.0,3.0,晴 ,  晴
2023年03月19日,2023,3,3-4,4-5,12.0,6.0,多云 ,  多云
2023年03月20日,2023,3,4-5,4-5,12.0,5.0,阴 ,  晴
,2023,3,,,,,,
2023年03月21日,2023,3,4-5,4-5,12.0,7.0,晴 ,  多云
2023年03月22日,2023,3,3-4,4-5,14.0,6.0,多云 ,  晴
2023年03月23日,2023,3,4-5,4-5,10.0,2.0,晴 ,  晴
2023年03月24日,2023,3,4-5,3-4,7.0,2.0,晴 ,  晴
2023年03月25日,2023,3,3-4,3-4,9.0,2.0,多云 ,  晴
2023年03月26日,2023,3,4-5,3-4,9.0,3.0,晴 ,  阴
2023年03月27日,2023,3,3-4,3-4,13.0,3.0,多云 ,  晴
2023年03月28日,2023,3,3-4,4-5,12.0,6.0,晴 ,  阴
2023年03月29日,2023,3,4-5,3-4,16.0,8.0,多云 ,  晴
2023年03月30日,2023,3,3-4,3-4,19.0,9.0,晴 ,  晴
2023年03月31日,2023,3,3-4,3-4,16.0,8.0,晴 ,  晴
2023年04月01日,2023,4,3-4,3-4,17.0,9.0,晴 ,  晴
2023年04月02日,2023,4,3-4,3-4,18.0,8.0,晴 ,  晴
2023年04月03日,2023,4,3-4,4-5,17.0,9.0,多云 ,  阴
2023年04月04日,2023,4,5-6,5-6,13.0,9.0,中雨 ,  中到大雨
2023年04月05日,2023,4,5-6,4-5,12.0,7.0,小雨 ,  多云
2023年04月06日,2023,4,3-4,4-5,14.0,6.0,多云 ,  晴
2023年04月07日,2023,4,4-5,4-5,10.0,6.0,晴 ,  晴
2023年04月08日,2023,4,4-5,4-5,15.0,8.0,晴 ,  晴
2023年04月09日,2023,4,4-5,4-5,18.0,11.0,晴 ,  多云
2023年04月10日,2023,4,4-5,5-6,20.0,12.0,多云 ,  多云
2023年04月11日,2023,4,5-6,3-4,16.0,7.0,晴 ,  晴
2023年04月12日,2023,4,4-5,4-5,17.0,10.0,多云 ,  阴
2023年04月13日,2023,4,4-5,3-4,18.0,9.0,多云 ,  多云
2023年04月14日,2023,4,4-5,3-4,15.0,8.0,多云 ,  多云
2023年04月15日,2023,4,3-4,3-4,16.0,8.0,晴 ,  晴
2023年04月16日,2023,4,4-5,3-4,16.0,8.0,晴 ,  多云
2023年04月17日,2023,4,4-5,4-5,14.0,8.0,雷阵雨 ,  雷阵雨
2023年04月18日,2023,4,3-4,3-4,17.0,8.0,晴 ,  晴
2023年04月19日,2023,4,4-5,4-5,17.0,9.0,晴 ,  多云
2023年04月20日,2023,4,4-5,4-5,19.0,12.0,多云 ,  多云
,2023,4,,,,,,
2023年04月21日,2023,4,4-5,3-4,17.0,10.0,多云 ,  多云
2023年04月22日,2023,4,4-5,3-4,16.0,9.0,多云 ,  多云
2023年04月23日,2023,4,4-5,3-4,17.0,10.0,多云 ,  多云
2023年04月24日,2023,4,3-4,3-4,16.0,9.0,晴 ,  多云
2023年04月25日,2023,4,4-5,4-5,15.0,8.0,小雨 ,  多云
2023年04月26日,2023,4,4-5,4-5,16.0,9.0,晴 ,  阴
2023年04月27日,2023,4,4-5,4-5,19.0,12.0,多云 ,  多云
2023年04月28日,2023,4,4-5,4-5,17.0,9.0,阴 ,  雷阵雨
2023年04月29日,2023,4,5-6,4-5,16.0,8.0,多云 ,  晴
2023年04月30日,2023,4,4-5,3-4,20.0,11.0,晴 ,  多云
2023年05月01日,2023,5,3-4,4-5,20.0,12.0,晴 ,  多云
2023年05月02日,2023,5,4-5,4-5,21.0,12.0,多云 ,  晴
2023年05月03日,2023,5,4-5,4-5,19.0,13.0,多云 ,  阴
2023年05月04日,2023,5,4-5,4-5,15.0,13.0,中雨 ,  大雨
2023年05月05日,2023,5,5-6,5-6,18.0,13.0,小雨 ,  多云
2023年05月06日,2023,5,4-5,3-4,21.0,13.0,晴 ,  晴
2023年05月07日,2023,5,4-5,3-4,22.0,12.0,晴 ,  晴
2023年05月08日,2023,5,3-4,3-4,22.0,14.0,晴 ,  晴
2023年05月09日,2023,5,3-4,3-4,24.0,15.0,晴 ,  晴
2023年05月10日,2023,5,3-4,3-4,24.0,14.0,晴 ,  晴
2023年05月11日,2023,5,3-4,3-4,24.0,14.0,多云 ,  多云
2023年05月12日,2023,5,4-5,4-5,23.0,13.0,晴 ,  雷阵雨
2023年05月13日,2023,5,3-4,3-4,21.0,13.0,多云 ,  晴
2023年05月14日,2023,5,4-5,4-5,22.0,12.0,晴 ,  多云
2023年05月15日,2023,5,4-5,4-5,20.0,13.0,晴 ,  晴
2023年05月16日,2023,5,4-5,4-5,27.0,15.0,晴 ,  多云
2023年05月17日,2023,5,1-2,1-2,22.0,15.0,阴 ,  中雨
2023年05月18日,2023,5,3-4,3-4,23.0,13.0,晴 ,  多云
2023年05月19日,2023,5,4-5,4-5,22.0,14.0,多云 ,  雷阵雨
2023年05月20日,2023,5,4-5,4-5,23.0,15.0,多云 ,  晴
,2023,5,,,,,,
2023年05月21日,2023,5,4-5,3-4,22.0,15.0,晴 ,  晴
2023年05月22日,2023,5,3-4,3-4,25.0,15.0,晴 ,  晴
2023年05月23日,2023,5,3-4,3-4,26.0,16.0,晴 ,  晴
2023年05月24日,2023,5,4-5,4-5,24.0,16.0,晴 ,  晴
2023年05月25日,2023,5,4-5,4-5,21.0,15.0,多云 ,  多云
2023年05月26日,2023,5,3-4,3-4,23.0,16.0,晴 ,  多云
2023年05月27日,2023,5,4-5,4-5,19.0,16.0,小雨 ,  小到中雨
2023年05月28日,2023,5,3-4,3-4,22.0,16.0,多云 ,  多云
2023年05月29日,2023,5,4-5,4-5,29.0,17.0,晴 ,  晴
2023年05月30日,2023,5,3-4,3-4,24.0,16.0,多云 ,  晴
2023年05月31日,2023,5,4-5,4-5,25.0,18.0,晴 ,  多云
2023年06月01日,2023,6,4-5,4-5,25.0,17.0,多云 ,  多云
2023年06月02日,2023,6,4-5,3-4,28.0,18.0,晴 ,  晴
2023年06月03日,2023,6,4-5,3-4,27.0,18.0,晴 ,  多云
2023年06月04日,2023,6,4-5,4-5,27.0,19.0,晴 ,  晴
2023年06月05日,2023,6,4-5,4-5,28.0,19.0,晴 ,  晴
2023年06月06日,2023,6,4-5,3-4,28.0,18.0,晴 ,  晴
2023年06月07日,2023,6,4-5,4-5,30.0,18.0,多云 ,  雷阵雨
2023年06月08日,2023,6,4-5,3-4,28.0,19.0,多云 ,  多云
2023年06月09日,2023,6,4-5,3-4,28.0,18.0,晴 ,  多云
2023年06月10日,2023,6,3-4,3-4,25.0,18.0,多云 ,  多云
2023年06月11日,2023,6,3-4,3-4,25.0,16.0,多云 ,  多云
2023年06月12日,2023,6,3-4,3-4,23.0,17.0,多云 ,  雷阵雨
2023年06月13日,2023,6,3-4,3-4,25.0,17.0,多云 ,  多云
2023年06月14日,2023,6,3-4,3-4,27.0,19.0,晴 ,  晴
2023年06月15日,2023,6,3-4,4-5,28.0,20.0,晴 ,  晴
2023年06月16日,2023,6,4-5,3-4,30.0,21.0,晴 ,  晴
2023年06月17日,2023,6,3-4,3-4,26.0,19.0,晴 ,  晴
2023年06月18日,2023,6,3-4,3-4,27.0,19.0,晴 ,  多云
2023年06月19日,2023,6,3-4,3-4,26.0,19.0,多云 ,  阵雨
2023年06月20日,2023,6,4-5,3-4,25.0,19.0,阴 ,  阴
,2023,6,,,,,,
2023年06月21日,2023,6,3-4,3-4,26.0,20.0,多云 ,  晴
2023年06月22日,2023,6,3-4,3-4,29.0,20.0,晴 ,  晴
2023年06月23日,2023,6,3-4,3-4,28.0,21.0,晴 ,  晴
2023年06月24日,2023,6,4-5,3-4,29.0,21.0,晴 ,  晴
2023年06月25日,2023,6,3-4,3-4,26.0,22.0,多云 ,  雷阵雨
2023年06月26日,2023,6,4-5,4-5,25.0,20.0,中雨 ,  多云
2023年06月27日,2023,6,4-5,4-5,29.0,22.0,多云 ,  晴
2023年06月28日,2023,6,4-5,4-5,27.0,22.0,多云 ,  大雨
2023年06月29日,2023,6,4-5,3-4,27.0,21.0,阴 ,  晴
2023年06月30日,2023,6,4-5,4-5,29.0,20.0,晴 ,  晴
2023年07月01日,2023,7,4-5,3-4,30.0,23.0,晴 ,  多云
2023年07月02日,2023,7,3-4,3-4,28.0,22.0,晴 ,  多云
2023年07月03日,2023,7,3-4,3-4,27.0,22.0,多云 ,  小雨
2023年07月04日,2023,7,3-4,4-5,26.0,22.0,中到大雨 ,  多云
2023年07月05日,2023,7,4-5,4-5,30.0,23.0,晴 ,  晴
2023年07月06日,2023,7,4-5,4-5,31.0,23.0,晴 ,  多云
2023年07月07日,2023,7,4-5,4-5,29.0,21.0,多云 ,  小到中雨
2023年07月08日,2023,7,4-5,3-4,27.0,22.0,多云 ,  多云
2023年07月09日,2023,7,3-4,3-4,27.0,22.0,多云 ,  多云
2023年07月10日,2023,7,3-4,3-4,28.0,22.0,多云 ,  雷阵雨
2023年07月11日,2023,7,4-5,3-4,30.0,22.0,阴 ,  多云
2023年07月12日,2023,7,3-4,4-5,28.0,23.0,雷阵雨 ,  小到中雨
2023年07月13日,2023,7,4-5,3-4,27.0,24.0,小雨 ,  多云
2023年07月14日,2023,7,4-5,4-5,30.0,24.0,多云 ,  多云
2023年07月15日,2023,7,4-5,3-4,29.0,23.0,多云 ,  多云
2023年07月16日,2023,7,3-4,3-4,30.0,22.0,多云 ,  晴
2023年07月17日,2023,7,3-4,3-4,30.0,22.0,晴 ,  晴
2023年07月18日,2023,7,3-4,3-4,30.0,23.0,晴 ,  晴
2023年07月19日,2023,7,3-4,3-4,31.0,23.0,晴 ,  晴
2023年07月20日,2023,7,3-4,3-4,31.0,23.0,晴 ,  晴
,2023,7,,,,,,
2023年07月21日,2023,7,4-5,4-5,29.0,23.0,多云 ,  小到中雨
2023年07月22日,2023,7,4-5,4-5,27.0,23.0,大雨 ,  多云
2023年07月23日,2023,7,3-4,3-4,30.0,22.0,晴 ,  多云
2023年07月24日,2023,7,3-4,3-4,29.0,24.0,晴 ,  晴
2023年07月25日,2023,7,3-4,3-4,28.0,24.0,多云 ,  多云
2023年07月26日,2023,7,3-4,3-4,29.0,24.0,阴 ,  阴
2023年07月27日,2023,7,3-4,3-4,30.0,25.0,雷阵雨 ,  多云
2023年07月28日,2023,7,4-5,4-5,30.0,24.0,多云 ,  小到中雨
2023年07月29日,2023,7,4-5,4-5,27.0,25.0,大到暴雨 ,  阴
2023年07月30日,2023,7,4-5,3-4,29.0,25.0,多云 ,  多云
2023年07月31日,2023,7,3-4,3-4,29.0,25.0,多云 ,  多云
2023年08月01日,2023,8,3-4,3-4,30.0,25.0,晴 ,  晴
2023年08月02日,2023,8,4-5,4-5,31.0,26.0,晴 ,  晴
2023年08月03日,2023,8,4-5,4-5,32.0,26.0,多云 ,  多云
2023年08月04日,2023,8,4-5,3-4,31.0,25.0,多云 ,  雷阵雨
2023年08月05日,2023,8,4-5,4-5,30.0,22.0,雷阵雨 ,  晴
2023年08月06日,2023,8,4-5,4-5,28.0,21.0,晴 ,  晴
2023年08月07日,2023,8,4-5,3-4,29.0,22.0,晴 ,  晴
2023年08月08日,2023,8,3-4,3-4,30.0,24.0,晴 ,  晴
2023年08月09日,2023,8,3-4,4-5,31.0,24.0,晴 ,  晴
2023年08月10日,2023,8,4-5,4-5,31.0,24.0,多云 ,  多云
2023年08月11日,2023,8,4-5,3-4,30.0,24.0,多云 ,  阴
2023年08月12日,2023,8,4-5,4-5,28.0,23.0,中雨 ,  大到暴雨
2023年08月13日,2023,8,4-5,3-4,28.0,24.0,阵雨 ,  多云
2023年08月14日,2023,8,3-4,3-4,30.0,24.0,晴 ,  晴
2023年08月15日,2023,8,3-4,3-4,28.0,23.0,多云 ,  多云
2023年08月16日,2023,8,3-4,3-4,30.0,24.0,多云 ,  多云
2023年08月17日,2023,8,3-4,3-4,30.0,24.0,多云 ,  多云
2023年08月18日,2023,8,3-4,3-4,30.0,25.0,多云 ,  多云
2023年08月19日,2023,8,3-4,3-4,31.0,26.0,多云 ,  多云
2023年08月20日,2023,8,3-4,4-5,29.0,25.0,多云 ,  小雨
,2023,8,,,,,,
2023年08月21日,2023,8,4-5,3-4,28.0,24.0,中到大雨 ,  多云
2023年08月22日,2023,8,3-4,3-4,30.0,22.0,多云 ,  晴
2023年08月23日,2023,8,1-3,1-3,30.0,22.0,晴 ,  晴
2023年08月24日,2023,8,1-3,1-3,30.0,22.0,多云 ,  多云
2023年08月25日,2023,8,1-3,1-3,29.0,22.0,晴 ,  晴
2023年08月26日,2023,8,1-3,1-3,28.0,22.0,多云 ,  多云
2023年08月27日,2023,8,1-3,1-3,27.0,22.0,多云 ,  多云
2023年08月28日,2023,8,1-3,1-3,23.0,19.0,大雨 ,  小雨
2023年08月29日,2023,8,1-3,1-3,28.0,20.0,多云 ,  晴
2023年08月30日,2023,8,3-4,3-4,27.0,20.0,晴 ,  多云
2023年08月31日,2023,8,3-4,3-4,27.0,20.0,雷阵雨 ,  多云
2023年09月01日,2023,9,3-4,3-4,28.0,20.0,晴 ,  晴
2023年09月02日,2023,9,3-4,3-4,28.0,20.0,晴 ,  晴
2023年09月03日,2023,9,3-4,3-4,28.0,22.0,晴 ,  多云
2023年09月04日,2023,9,3-4,3-4,28.0,22.0,多云 ,  晴
2023年09月05日,2023,9,3-4,3-4,30.0,21.0,晴 ,  晴
2023年09月06日,2023,9,3-4,1-3,30.0,21.0,晴 ,  晴
2023年09月07日,2023,9,3-4,3-4,29.0,23.0,晴 ,  多云
2023年09月08日,2023,9,1-3,1-3,29.0,23.0,多云 ,  多云
2023年09月09日,2023,9,3-4,3-4,28.0,22.0,多云 ,  多云
2023年09月10日,2023,9,1-3,3-4,27.0,23.0,多云 ,  多云
2023年09月11日,2023,9,3-4,4-5,27.0,21.0,多云 ,  雷阵雨
2023年09月12日,2023,9,1-3,1-3,28.0,17.0,晴 ,  晴
2023年09月13日,2023,9,3-4,3-4,28.0,18.0,晴 ,  晴
2023年09月14日,2023,9,1-3,1-3,28.0,19.0,晴 ,  晴
2023年09月15日,2023,9,1-3,1-3,28.0,20.0,多云 ,  多云
2023年09月16日,2023,9,1-3,1-3,28.0,20.0,多云 ,  多云
2023年09月17日,2023,9,3-4,3-4,27.0,22.0,晴 ,  多云
2023年09月18日,2023,9,4-5,4-5,29.0,21.0,雷阵雨 ,  雷阵雨
2023年09月19日,2023,9,4-5,4-5,27.0,18.0,多云 ,  晴
2023年09月20日,2023,9,4-5,4-5,26.0,17.0,晴 ,  晴
,2023,9,,,,,,
2023年09月21日,2023,9,3-4,3-4,26.0,20.0,晴 ,  晴
2023年09月22日,2023,9,4-5,4-5,28.0,17.0,多云 ,  多云
2023年09月23日,2023,9,4-5,3-4,25.0,19.0,多云 ,  多云
2023年09月24日,2023,9,4-5,4-5,25.0,19.0,阵雨 ,  雷阵雨
2023年09月25日,2023,9,3-4,3-4,23.0,18.0,阵雨 ,  小雨
2023年09月26日,2023,9,3-4,3-4,22.0,19.0,小雨 ,  阴
2023年09月27日,2023,9,3-4,3-4,25.0,18.0,多云 ,  晴
2023年09月28日,2023,9,3-4,3-4,26.0,17.0,晴 ,  晴
2023年09月29日,2023,9,4-5,4-5,25.0,18.0,多云 ,  多云
2023年09月30日,2023,9,4-5,3-4,22.0,16.0,晴 ,  晴
2023年10月01日,2023,10,3-4,3-4,25.0,16.0,晴 ,  晴
2023年10月02日,2023,10,3-4,3-4,24.0,19.0,晴 ,  多云
2023年10月03日,2023,10,3-4,4-5,24.0,18.0,多云 ,  多云
2023年10月04日,2023,10,4-5,4-5,21.0,12.0,多云 ,  晴
2023年10月05日,2023,10,4-5,3-4,19.0,14.0,晴 ,  晴
2023年10月06日,2023,10,3-4,3-4,23.0,15.0,多云 ,  多云
2023年10月07日,2023,10,3-4,3-4,21.0,16.0,多云 ,  多云
2023年10月08日,2023,10,3-4,4-5,22.0,14.0,多云 ,  雷阵雨
2023年10月09日,2023,10,4-5,4-5,21.0,14.0,阵雨 ,  晴
2023年10月10日,2023,10,3-4,3-4,21.0,14.0,晴 ,  晴
2023年10月11日,2023,10,4-5,4-5,23.0,15.0,晴 ,  多云
2023年10月12日,2023,10,4-5,4-5,22.0,16.0,多云 ,  阴
2023年10月13日,2023,10,4-5,5-6,21.0,12.0,雷阵雨 ,  雷阵雨
2023年10月14日,2023,10,4-5,5-6,21.0,15.0,多云 ,  晴
2023年10月15日,2023,10,5-6,4-5,19.0,10.0,晴 ,  晴
2023年10月16日,2023,10,4-5,4-5,17.0,11.0,晴 ,  晴
2023年10月17日,2023,10,4-5,5-6,21.0,15.0,晴 ,  阴
2023年10月18日,2023,10,5-6,4-5,20.0,13.0,小雨 ,  多云
2023年10月19日,2023,10,5-6,5-6,19.0,10.0,晴 ,  多云
2023年10月20日,2023,10,5-6,5-6,15.0,11.0,晴 ,  晴
,2023,10,,,,,,
2023年10月21日,2023,10,4-5,5-6,18.0,12.0,晴 ,  晴
2023年10月22日,2023,10,4-5,4-5,21.0,14.0,晴 ,  晴
2023年10月23日,2023,10,4-5,5-6,22.0,16.0,晴 ,  晴
2023年10月24日,2023,10,4-5,4-5,22.0,14.0,晴 ,  晴
2023年10月25日,2023,10,4-5,5-6,22.0,11.0,晴 ,  晴
2023年10月26日,2023,10,6-7,5-6,17.0,8.0,晴 ,  晴
2023年10月27日,2023,10,5-6,4-5,19.0,12.0,晴 ,  晴
2023年10月28日,2023,10,4-5,4-5,20.0,14.0,晴 ,  晴
2023年10月29日,2023,10,4-5,5-6,21.0,16.0,晴 ,  阴
2023年10月30日,2023,10,4-5,5-6,22.0,16.0,多云 ,  多云
2023年10月31日,2023,10,5-6,4-5,22.0,14.0,晴 ,  多云
2023年11月01日,2023,11,3-4,4-5,22.0,16.0,晴 ,  晴
2023年11月02日,2023,11,5-6,5-6,24.0,8.0,晴 ,  多云
2023年11月03日,2023,11,4-5,4-5,13.0,8.0,晴 ,  晴
2023年11月04日,2023,11,4-5,4-5,17.0,10.0,晴 ,  阴
2023年11月05日,2023,11,5-6,5-6,18.0,8.0,中到大雨 ,  中到大雨
2023年11月06日,2023,11,7-8,7-8,8.0,2.0,小雨 ,  多云
2023年11月07日,2023,11,4-5,5-6,13.0,3.0,多云 ,  阵雨
2023年11月08日,2023,11,5-6,5-6,17.0,5.0,阴 ,  多云
2023年11月09日,2023,11,5-6,5-6,8.0,1.0,多云 ,  晴
2023年11月10日,2023,11,5-6,4-5,3.0,-2.0,多云 ,  多云
2023年11月11日,2023,11,5-6,5-6,3.0,-2.0,晴 ,  多云
2023年11月12日,2023,11,5-6,5-6,2.0,-2.0,多云 ,  晴
2023年11月13日,2023,11,4-5,4-5,8.0,2.0,晴 ,  多云
2023年11月14日,2023,11,4-5,4-5,12.0,7.0,晴 ,  晴
2023年11月15日,2023,11,4-5,5-6,13.0,7.0,多云 ,  小雨
2023年11月16日,2023,11,5-6,5-6,9.0,-1.0,多云 ,  雨夹雪
2023年11月17日,2023,11,6-7,6-7,3.0,0.0,小雪 ,  多云
2023年11月18日,2023,11,5-6,5-6,10.0,2.0,晴 ,  晴
2023年11月19日,2023,11,5-6,4-5,11.0,4.0,晴 ,  晴
2023年11月20日,2023,11,5-6,5-6,14.0,8.0,晴 ,  晴
,2023,11,,,,,,
2023年11月21日,2023,11,4-5,4-5,15.0,10.0,晴 ,  多云
2023年11月22日,2023,11,5-6,5-6,15.0,2.0,阴 ,  多云
2023年11月23日,2023,11,5-6,5-6,4.0,-4.0,阵雪 ,  多云
2023年11月24日,2023,11,5-6,4-5,-1.0,-5.0,多云 ,  晴
2023年11月25日,2023,11,5-6,5-6,7.0,-3.0,阴 ,  雨夹雪
2023年11月26日,2023,11,4-5,4-5,8.0,4.0,多云 ,  雨夹雪
2023年11月27日,2023,11,5-6,5-6,7.0,-4.0,多云 ,  多云
2023年11月28日,2023,11,1-3,5-6,1.0,-4.0,多云 ,  阵雪
2023年11月29日,2023,11,5-6,5-6,0.0,-5.0,晴 ,  晴
2023年11月30日,2023,11,4-5,4-5,0.0,-5.0,晴 ,  晴
2023年12月01日,2023,12,5-6,5-6,5.0,-2.0,晴 ,  晴
2023年12月02日,2023,12,5-6,4-5,8.0,-2.0,晴 ,  晴
2023年12月03日,2023,12,5-6,5-6,10.0,2.0,晴 ,  晴
2023年12月04日,2023,12,4-5,4-5,10.0,3.0,晴 ,  多云
2023年12月05日,2023,12,4-5,4-5,10.0,4.0,晴 ,  多云
2023年12月06日,2023,12,5-6,5-6,8.0,1.0,晴 ,  晴
2023年12月07日,2023,12,4-5,4-5,13.0,8.0,晴 ,  晴
2023年12月08日,2023,12,4-5,5-6,14.0,-1.0,晴 ,  晴
2023年12月09日,2023,12,5-6,5-6,6.0,-5.0,晴 ,  多云
2023年12月10日,2023,12,5-6,5-6,-2.0,-5.0,多云 ,  阴
2023年12月11日,2023,12,5-6,5-6,-4.0,-8.0,中雪 ,  多云
2023年12月12日,2023,12,4-5,5-6,-2.0,-8.0,晴 ,  多云
2023年12月13日,2023,12,5-6,5-6,1.0,-5.0,多云 ,  阴
2023年12月14日,2023,12,6-7,6-7,-3.0,-9.0,中雪 ,  大雪
2023年12月15日,2023,12,6-7,6-7,-8.0,-10.0,阵雪 ,  阵雪
2023年12月16日,2023,12,5-6,5-6,-8.0,-11.0,阵雪 ,  阵雪
2023年12月17日,2023,12,3-4,4-5,-6.0,-10.0,阵雪 ,  多云
2023年12月18日,2023,12,4-5,5-6,-1.0,-6.0,阵雪 ,  阵雪
2023年12月19日,2023,12,4-5,4-5,-1.0,-13.0,阵雪 ,  阵雪
2023年12月20日,2023,12,4-5,4-5,-11.0,-14.0,阵雪 ,  阵雪
,2023,12,,,,,,
2023年12月21日,2023,12,4-5,4-5,-8.0,-14.0,阵雪 ,  多云
2023年12月22日,2023,12,4-5,3-4,-3.0,-10.0,多云 ,  多云
2023年12月23日,2023,12,3-4,3-4,0.0,-6.0,阵雪 ,  多云
2023年12月24日,2023,12,4-5,4-5,0.0,-6.0,雨夹雪 ,  晴
2023年12月25日,2023,12,4-5,4-5,3.0,-4.0,晴 ,  晴
2023年12月26日,2023,12,4-5,3-4,2.0,-5.0,晴 ,  晴
2023年12月27日,2023,12,3-4,3-4,2.0,-3.0,晴 ,  多云
2023年12月28日,2023,12,3-4,3-4,4.0,-3.0,雨夹雪 ,  多云
2023年12月29日,2023,12,3-4,3-4,4.0,-1.0,雨夹雪 ,  小雨
2023年12月30日,2023,12,3-4,4-5,6.0,-4.0,小雨 ,  小雪
2023年12月31日,2023,12,5-6,4-5,-4.0,-8.0,多云 ,  晴
2024年01月01日,2024,1,3-4,3-4,1.0,-8.0,晴 ,  多云
2024年01月02日,2024,1,3-4,3-4,4.0,-4.0,多云 ,  多云
2024年01月03日,2024,1,3-4,4-5,2.0,-3.0,晴 ,  晴
2024年01月04日,2024,1,4-5,4-5,7.0,-3.0,晴 ,  晴
2024年01月05日,2024,1,4-5,3-4,2.0,-3.0,晴 ,  晴
2024年01月06日,2024,1,4-5,4-5,1.0,-8.0,多云 ,  多云
2024年01月07日,2024,1,4-5,3-4,-2.0,-8.0,晴 ,  晴
2024年01月08日,2024,1,4-5,4-5,4.0,-2.0,晴 ,  多云
2024年01月09日,2024,1,4-5,4-5,0.0,-7.0,多云 ,  晴
2024年01月10日,2024,1,4-5,4-5,3.0,-6.0,晴 ,  晴
2024年01月11日,2024,1,4-5,3-4,5.0,-3.0,晴 ,  晴
2024年01月12日,2024,1,3-4,3-4,5.0,-3.0,晴 ,  晴
2024年01月13日,2024,1,4-5,4-5,5.0,-5.0,多云 ,  雨夹雪
2024年01月14日,2024,1,4-5,4-5,-3.0,-6.0,晴 ,  晴
2024年01月15日,2024,1,3-4,3-4,3.0,-4.0,晴 ,  晴
2024年01月16日,2024,1,3-4,3-4,5.0,0.0,晴 ,  多云
2024年01月17日,2024,1,3-4,4-5,4.0,-4.0,雨夹雪 ,  阵雪
2024年01月18日,2024,1,4-5,4-5,0.0,-6.0,晴 ,  晴
2024年01月19日,2024,1,4-5,4-5,1.0,-6.0,晴 ,  多云
2024年01月20日,2024,1,4-5,4-5,-3.0,-11.0,小到中雪 ,  阵雪
,2024,1,,,,,,
2024年01月21日,2024,1,4-5,4-5,-9.0,-13.0,晴 ,  阵雪
2024年01月22日,2024,1,4-5,4-5,-10.0,-14.0,晴 ,  晴
2024年01月23日,2024,1,4-5,4-5,-2.0,-11.0,晴 ,  晴
2024年01月24日,2024,1,4-5,3-4,-3.0,-7.0,晴 ,  晴
2024年01月25日,2024,1,3-4,3-4,3.0,-3.0,晴 ,  晴
2024年01月26日,2024,1,3-4,3-4,2.0,-6.0,晴 ,  晴
2024年01月27日,2024,1,3-4,3-4,0.0,-5.0,晴 ,  晴
2024年01月28日,2024,1,3-4,3-4,4.0,-4.0,晴 ,  晴
2024年01月29日,2024,1,3-4,3-4,3.0,-2.0,晴 ,  晴
2024年01月30日,2024,1,3-4,4-5,6.0,-5.0,阴 ,  阴
2024年01月31日,2024,1,4-5,4-5,-4.0,-12.0,多云 ,  晴
2024年02月01日,2024,2,4-5,4-5,-8.0,-13.0,晴 ,  晴
2024年02月02日,2024,2,4-5,4-5,-3.0,-11.0,晴 ,  多云
2024年02月03日,2024,2,4-5,4-5,-1.0,-8.0,晴 ,  晴
2024年02月04日,2024,2,4-5,4-5,0.0,-8.0,晴 ,  阴
2024年02月05日,2024,2,4-5,4-5,-4.0,-8.0,小到中雪 ,  多云
2024年02月06日,2024,2,4-5,4-5,-3.0,-8.0,晴 ,  晴
2024年02月07日,2024,2,4-5,3-4,-1.0,-6.0,晴 ,  晴
2024年02月08日,2024,2,3-4,3-4,2.0,-5.0,晴 ,  晴
2024年02月09日,2024,2,3-4,3-4,5.0,-3.0,晴 ,  晴
2024年02月10日,2024,2,3-4,3-4,3.0,-3.0,晴 ,  晴
2024年02月11日,2024,2,4-5,3-4,6.0,0.0,晴 ,  晴
2024年02月12日,2024,2,4-5,4-5,11.0,4.0,晴 ,  晴
2024年02月13日,2024,2,3-4,3-4,12.0,2.0,晴 ,  多云
2024年02月14日,2024,2,4-5,4-5,7.0,-3.0,多云 ,  多云
2024年02月15日,2024,2,4-5,3-4,2.0,-3.0,晴 ,  晴
2024年02月16日,2024,2,4-5,4-5,7.0,2.0,晴 ,  晴
2024年02月17日,2024,2,4-5,4-5,10.0,3.0,晴 ,  多云
2024年02月18日,2024,2,4-5,4-5,10.0,-1.0,小雨 ,  小到中雨
2024年02月19日,2024,2,5-6,4-5,-2.0,-10.0,多云 ,  晴
2024年02月20日,2024,2,4-5,5-6,-5.0,-9.0,多云 ,  小雪
,2024,2,,,,,,
2024年02月21日,2024,2,5-6,4-5,-6.0,-10.0,小雪 ,  多云
2024年02月22日,2024,2,4-5,4-5,-4.0,-8.0,多云 ,  多云
2024年02月23日,2024,2,4-5,3-4,0.0,-8.0,晴 ,  晴
2024年02月24日,2024,2,3-4,3-4,3.0,-3.0,阴 ,  阴
2024年02月25日,2024,2,4-5,4-5,3.0,-4.0,晴 ,  晴
2024年02月26日,2024,2,4-5,3-4,2.0,-4.0,晴 ,  多云
2024年02月27日,2024,2,1-3,1-3,3.0,-2.0,多云 ,  多云
2024年02月28日,2024,2,3-4,3-4,5.0,-2.0,多云 ,  多云
2024年02月29日,2024,2,4-5,4-5,0.0,-8.0,多云 ,  晴
2024年03月01日,2024,3,4-5,4-5,2.0,-8.0,晴 ,  晴
2024年03月02日,2024,3,4-5,1-3,4.0,-2.0,晴 ,  晴
2024年03月03日,2024,3,3-4,3-4,5.0,-1.0,晴 ,  晴
2024年03月04日,2024,3,4-5,4-5,6.0,1.0,多云 ,  多云
2024年03月05日,2024,3,4-5,4-5,8.0,0.0,多云 ,  多云
2024年03月06日,2024,3,4-5,4-5,8.0,0.0,多云 ,  多云
2024年03月07日,2024,3,4-5,4-5,7.0,-1.0,多云 ,  晴
2024年03月08日,2024,3,4-5,3-4,3.0,-2.0,晴 ,  晴
2024年03月09日,2024,3,4-5,4-5,6.0,1.0,晴 ,  晴
2024年03月10日,2024,3,4-5,4-5,9.0,5.0,多云 ,  阴
2024年03月11日,2024,3,4-5,4-5,10.0,1.0,小雨 ,  多云
2024年03月12日,2024,3,4-5,3-4,9.0,3.0,晴 ,  晴
2024年03月13日,2024,3,4-5,3-4,12.0,3.0,晴 ,  晴
2024年03月14日,2024,3,4-5,4-5,15.0,7.0,晴 ,  晴
2024年03月15日,2024,3,4-5,3-4,17.0,4.0,晴 ,  晴
2024年03月16日,2024,3,4-5,4-5,13.0,3.0,多云 ,  多云
2024年03月17日,2024,3,4-5,3-4,8.0,0.0,晴 ,  晴
2024年03月18日,2024,3,3-4,3-4,11.0,2.0,多云 ,  多云
2024年03月19日,2024,3,4-5,4-5,8.0,2.0,多云 ,  晴
2024年03月20日,2024,3,4-5,4-5,7.0,2.0,晴 ,  晴
,2024,3,,,,,,
2024年03月21日,2024,3,4-5,4-5,11.0,6.0,小雨 ,  小雨
2024年03月22日,2024,3,4-5,3-4,14.0,4.0,阵雨 ,  晴
2024年03月23日,2024,3,3-4,4-5,9.0,2.0,多云 ,  多云
2024年03月24日,2024,3,4-5,3-4,14.0,5.0,多云 ,  阵雨
2024年03月25日,2024,3,4-5,3-4,8.0,4.0,阵雨 ,  多云
2024年03月26日,2024,3,3-4,4-5,14.0,5.0,晴 ,  阴
2024年03月27日,2024,3,4-5,4-5,14.0,7.0,多云 ,  雷阵雨
2024年03月28日,2024,3,4-5,4-5,12.0,4.0,多云 ,  阵雨
2024年03月29日,2024,3,4-5,3-4,12.0,6.0,晴 ,  多云
2024年03月30日,2024,3,4-5,3-4,14.0,5.0,晴 ,  多云
2024年03月31日,2024,3,3-4,3-4,12.0,5.0,多云 ,  晴
2024年04月01日,2024,4,4-5,4-5,11.0,7.0,多云 ,  阴
2024年04月02日,2024,4,4-5,4-5,12.0,8.0,多云 ,  多云
2024年04月03日,2024,4,4-5,4-5,16.0,7.0,多云 ,  晴
2024年04月04日,2024,4,4-5,3-4,15.0,5.0,晴 ,  晴
2024年04月05日,2024,4,4-5,3-4,17.0,9.0,晴 ,  多云
2024年04月06日,2024,4,4-5,3-4,19.0,10.0,晴 ,  晴
2024年04月07日,2024,4,3-4,4-5,20.0,8.0,晴 ,  晴
2024年04月08日,2024,4,4-5,4-5,18.0,5.0,晴 ,  晴
2024年04月09日,2024,4,3-4,3-4,13.0,6.0,多云 ,  阴
2024年04月10日,2024,4,3-4,4-5,17.0,10.0,阴 ,  阵雨
2024年04月11日,2024,4,4-5,4-5,19.0,11.0,晴 ,  晴
2024年04月12日,2024,4,4-5,3-4,19.0,11.0,晴 ,  多云
2024年04月13日,2024,4,4-5,4-5,17.0,9.0,多云 ,  多云
2024年04月14日,2024,4,4-5,4-5,14.0,10.0,阵雨 ,  小到中雨
2024年04月15日,2024,4,4-5,3-4,16.0,10.0,多云 ,  晴
2024年04月16日,2024,4,4-5,3-4,20.0,9.0,晴 ,  晴
2024年04月17日,2024,4,3-4,3-4,21.0,11.0,晴 ,  晴
2024年04月18日,2024,4,4-5,3-4,22.0,12.0,晴 ,  多云
2024年04月19日,2024,4,4-5,3-4,20.0,11.0,晴 ,  多云
2024年04月20日,2024,4,3-4,3-4,18.0,10.0,多云 ,  晴
,2024,4,,,,,,
2024年04月21日,2024,4,3-4,3-4,18.0,8.0,晴 ,  晴
2024年04月22日,2024,4,3-4,4-5,18.0,12.0,多云 ,  阴
2024年04月23日,2024,4,4-5,3-4,16.0,10.0,中雨 ,  小雨
2024年04月24日,2024,4,3-4,4-5,19.0,10.0,多云 ,  晴
2024年04月25日,2024,4,4-5,4-5,23.0,15.0,晴 ,  晴
2024年04月26日,2024,4,3-4,3-4,20.0,13.0,晴 ,  多云
2024年04月27日,2024,4,3-4,3-4,20.0,14.0,多云 ,  多云
2024年04月28日,2024,4,4-5,4-5,23.0,11.0,多云 ,  多云
2024年04月29日,2024,4,4-5,4-5,20.0,10.0,多云 ,  多云
2024年04月30日,2024,4,4-5,3-4,18.0,12.0,多云 ,  晴
2024年05月01日,2024,5,3-4,3-4,24.0,14.0,晴 ,  晴
2024年05月02日,2024,5,4-5,3-4,25.0,15.0,晴 ,  晴
2024年05月03日,2024,5,3-4,3-4,26.0,14.0,晴 ,  晴
2024年05月04日,2024,5,3-4,3-4,23.0,13.0,多云 ,  雷阵雨
2024年05月05日,2024,5,4-5,4-5,17.0,12.0,小到中雨 ,  小到中雨
2024年05月06日,2024,5,4-5,4-5,16.0,13.0,阵雨 ,  多云
2024年05月07日,2024,5,4-5,3-4,23.0,13.0,多云 ,  晴
2024年05月08日,2024,5,3-4,4-5,25.0,16.0,晴 ,  晴
2024年05月09日,2024,5,4-5,4-5,26.0,16.0,晴 ,  多云
2024年05月10日,2024,5,4-5,4-5,25.0,15.0,多云 ,  阵雨
2024年05月11日,2024,5,4-5,3-4,21.0,14.0,多云 ,  晴
2024年05月12日,2024,5,3-4,3-4,24.0,14.0,晴 ,  晴
2024年05月13日,2024,5,4-5,4-5,28.0,18.0,晴 ,  晴
2024年05月14日,2024,5,4-5,4-5,30.0,15.0,多云 ,  阵雨
2024年05月15日,2024,5,4-5,4-5,24.0,16.0,晴 ,  晴
2024年05月16日,2024,5,4-5,3-4,26.0,15.0,晴 ,  晴
2024年05月17日,2024,5,3-4,3-4,24.0,15.0,晴 ,  晴
2024年05月18日,2024,5,4-5,4-5,23.0,16.0,晴 ,  晴
2024年05月19日,2024,5,4-5,4-5,20.0,14.0,雷阵雨 ,  雷阵雨
2024年05月20日,2024,5,3-4,3-4,24.0,14.0,晴 ,  晴
,2024,5,,,,,,
2024年05月21日,2024,5,3-4,3-4,21.0,14.0,晴 ,  晴
2024年05月22日,2024,5,4-5,4-5,22.0,13.0,晴 ,  晴
2024年05月23日,2024,5,4-5,3-4,24.0,16.0,晴 ,  多云
2024年05月24日,2024,5,3-4,3-4,24.0,16.0,多云 ,  阵雨
2024年05月25日,2024,5,3-4,4-5,23.0,17.0,多云 ,  中到大雨
2024年05月26日,2024,5,4-5,4-5,20.0,15.0,阵雨 ,  晴
2024年05月27日,2024,5,4-5,3-4,24.0,16.0,晴 ,  晴
2024年05月28日,2024,5,3-4,3-4,25.0,16.0,晴 ,  晴
2024年05月29日,2024,5,4-5,4-5,26.0,18.0,晴 ,  多云
2024年05月30日,2024,5,4-5,4-5,22.0,15.0,多云 ,  雷阵雨
2024年05月31日,2024,5,4-5,3-4,25.0,16.0,多云 ,  晴
2024年06月01日,2024,6,3-4,3-4,25.0,16.0,晴 ,  晴
2024年06月02日,2024,6,3-4,3-4,27.0,17.0,晴 ,  晴
2024年06月03日,2024,6,3-4,3-4,26.0,16.0,晴 ,  晴
2024年06月04日,2024,6,3-4,3-4,26.0,18.0,晴 ,  晴
2024年06月05日,2024,6,3-4,3-4,24.0,17.0,多云 ,  多云
2024年06月06日,2024,6,3-4,4-5,26.0,18.0,晴 ,  多云
2024年06月07日,2024,6,4-5,4-5,23.0,18.0,多云 ,  雷阵雨
2024年06月08日,2024,6,3-4,3-4,25.0,18.0,多云 ,  多云
2024年06月09日,2024,6,3-4,3-4,26.0,18.0,多云 ,  晴
2024年06月10日,2024,6,3-4,3-4,23.0,17.0,晴 ,  晴
2024年06月11日,2024,6,4-5,4-5,29.0,19.0,阴 ,  阴
2024年06月12日,2024,6,4-5,3-4,28.0,20.0,晴 ,  晴
2024年06月13日,2024,6,4-5,4-5,25.0,20.0,多云 ,  雷阵雨
2024年06月14日,2024,6,4-5,3-4,24.0,18.0,小雨 ,  多云
2024年06月15日,2024,6,3-4,3-4,27.0,18.0,晴 ,  晴
2024年06月16日,2024,6,4-5,4-5,28.0,21.0,晴 ,  晴
2024年06月17日,2024,6,4-5,4-5,31.0,21.0,晴 ,  晴
2024年06月18日,2024,6,4-5,4-5,32.0,20.0,晴 ,  晴
2024年06月19日,2024,6,4-5,3-4,27.0,20.0,晴 ,  晴
2024年06月20日,2024,6,3-4,3-4,26.0,20.0,多云 ,  多云
,2024,6,,,,,,
2024年06月21日,2024,6,3-4,3-4,25.0,20.0,多云 ,  多云
2024年06月22日,2024,6,3-4,3-4,26.0,20.0,多云 ,  多云
2024年06月23日,2024,6,4-5,3-4,28.0,20.0,多云 ,  多云
2024年06月24日,2024,6,4-5,3-4,28.0,20.0,晴 ,  晴
2024年06月25日,2024,6,3-4,3-4,29.0,20.0,晴 ,  晴
2024年06月26日,2024,6,3-4,3-4,30.0,22.0,晴 ,  晴
2024年06月27日,2024,6,3-4,3-4,29.0,21.0,晴 ,  晴
2024年06月28日,2024,6,3-4,3-4,29.0,21.0,晴 ,  多云
2024年06月29日,2024,6,4-5,4-5,25.0,20.0,多云 ,  小雨
2024年06月30日,2024,6,3-4,3-4,28.0,21.0,多云 ,  多云
2024年07月01日,2024,7,3-4,3-4,30.0,21.0,多云 ,  多云
2024年07月02日,2024,7,4-5,4-5,24.0,20.0,中雨 ,  小雨
2024年07月03日,2024,7,4-5,3-4,27.0,21.0,多云 ,  多云
2024年07月04日,2024,7,3-4,3-4,25.0,20.0,中雨 ,  多云
2024年07月05日,2024,7,4-5,5-6,27.0,22.0,多云 ,  大雨
2024年07月06日,2024,7,5-6,3-4,26.0,21.0,小雨 ,  多云
2024年07月07日,2024,7,3-4,3-4,29.0,22.0,多云 ,  多云
2024年07月08日,2024,7,3-4,3-4,29.0,22.0,多云 ,  多云
2024年07月09日,2024,7,3-4,3-4,29.0,22.0,多云 ,  多云
2024年07月10日,2024,7,3-4,3-4,28.0,21.0,晴 ,  晴
2024年07月11日,2024,7,3-4,3-4,30.0,21.0,晴 ,  晴
2024年07月12日,2024,7,3-4,3-4,28.0,22.0,晴 ,  多云
2024年07月13日,2024,7,3-4,3-4,27.0,22.0,多云 ,  多云
2024年07月14日,2024,7,3-4,3-4,28.0,22.0,多云 ,  多云
2024年07月15日,2024,7,3-4,3-4,29.0,23.0,多云 ,  小雨
2024年07月16日,2024,7,4-5,4-5,28.0,24.0,雷阵雨 ,  雷阵雨
2024年07月17日,2024,7,3-4,3-4,29.0,22.0,多云 ,  多云
2024年07月18日,2024,7,3-4,3-4,31.0,24.0,晴 ,  晴
2024年07月19日,2024,7,3-4,3-4,31.0,24.0,多云 ,  多云
2024年07月20日,2024,7,3-4,3-4,28.0,23.0,阵雨 ,  多云
,2024,7,,,,,,
2024年07月21日,2024,7,4-5,4-5,31.0,24.0,多云 ,  阵雨
2024年07月22日,2024,7,4-5,3-4,30.0,24.0,小雨 ,  多云
2024年07月23日,2024,7,3-4,3-4,31.0,25.0,多云 ,  多云
2024年07月24日,2024,7,3-4,3-4,30.0,24.0,多云 ,  雷阵雨
2024年07月25日,2024,7,3-4,4-5,29.0,25.0,小雨 ,  多云
2024年07月26日,2024,7,4-5,4-5,28.0,25.0,小到中雨 ,  中雨
2024年07月27日,2024,7,4-5,4-5,27.0,24.0,大雨 ,  小雨
2024年07月28日,2024,7,4-5,4-5,27.0,24.0,小到中雨 ,  大雨
2024年07月29日,2024,7,3-4,3-4,28.0,25.0,小到中雨 ,  多云
2024年07月30日,2024,7,3-4,4-5,30.0,25.0,多云 ,  晴
2024年07月31日,2024,7,4-5,4-5,31.0,25.0,多云 ,  中到大雨
2024年08月01日,2024,8,4-5,3-4,31.0,24.0,多云 ,  雷阵雨
2024年08月02日,2024,8,3-4,3-4,32.0,25.0,多云 ,  多云
2024年08月03日,2024,8,3-4,3-4,30.0,26.0,多云 ,  小雨
2024年08月04日,2024,8,4-5,4-5,30.0,25.0,中雨 ,  大雨
2024年08月05日,2024,8,3-4,3-4,30.0,25.0,雷阵雨 ,  小雨
2024年08月06日,2024,8,3-4,3-4,30.0,25.0,多云 ,  多云
2024年08月07日,2024,8,3-4,3-4,30.0,24.0,晴 ,  晴
2024年08月08日,2024,8,1-3,1-3,31.0,24.0,晴 ,  多云
2024年08月09日,2024,8,3-4,4-5,30.0,25.0,多云 ,  多云
2024年08月10日,2024,8,4-5,4-5,30.0,26.0,中雨 ,  雷阵雨
2024年08月11日,2024,8,4-5,3-4,31.0,26.0,晴 ,  晴
2024年08月12日,2024,8,3-4,3-4,31.0,26.0,多云 ,  多云
2024年08月13日,2024,8,3-4,3-4,30.0,26.0,阴 ,  多云
2024年08月14日,2024,8,3-4,3-4,31.0,25.0,多云 ,  多云
2024年08月15日,2024,8,3-4,3-4,31.0,25.0,晴 ,  晴
2024年08月16日,2024,8,1-3,1-3,31.0,26.0,晴 ,  晴
2024年08月17日,2024,8,1-3,1-3,31.0,26.0,多云 ,  多云
2024年08月18日,2024,8,3-4,3-4,31.0,25.0,多云 ,  雷阵雨
2024年08月19日,2024,8,3-4,4-5,30.0,26.0,雷阵雨 ,  雷阵雨
2024年08月20日,2024,8,4-5,4-5,30.0,26.0,中雨 ,  大雨
,2024,8,,,,,,
2024年08月21日,2024,8,3-4,3-4,30.0,26.0,多云 ,  多云
2024年08月22日,2024,8,3-4,3-4,32.0,25.0,晴 ,  晴
2024年08月23日,2024,8,3-4,1-3,30.0,25.0,多云 ,  晴
2024年08月24日,2024,8,3-4,3-4,31.0,25.0,晴 ,  多云
2024年08月25日,2024,8,3-4,3-4,31.0,25.0,多云 ,  多云
2024年08月26日,2024,8,4-5,4-5,28.0,23.0,中雨 ,  小雨
2024年08月27日,2024,8,4-5,3-4,30.0,22.0,晴 ,  晴
2024年08月28日,2024,8,3-4,3-4,30.0,22.0,晴 ,  晴
2024年08月29日,2024,8,3-4,3-4,29.0,21.0,晴 ,  晴
2024年08月30日,2024,8,3-4,4-5,30.0,23.0,晴 ,  晴
2024年08月31日,2024,8,3-4,3-4,30.0,24.0,晴 ,  多云
2024年09月01日,2024,9,4-5,4-5,29.0,19.0,小到中雨 ,  晴
2024年09月02日,2024,9,4-5,4-5,28.0,20.0,晴 ,  晴
2024年09月03日,2024,9,3-4,3-4,28.0,22.0,晴 ,  多云
2024年09月04日,2024,9,4-5,4-5,29.0,24.0,多云 ,  小雨
2024年09月05日,2024,9,4-5,4-5,26.0,19.0,小雨 ,  晴
2024年09月06日,2024,9,3-4,3-4,28.0,20.0,晴 ,  晴
2024年09月07日,2024,9,3-4,3-4,29.0,21.0,晴 ,  晴
2024年09月08日,2024,9,3-4,3-4,28.0,23.0,晴 ,  晴
2024年09月09日,2024,9,4-5,4-5,29.0,23.0,晴 ,  多云
2024年09月10日,2024,9,4-5,4-5,28.0,20.0,小雨 ,  中雨
2024年09月11日,2024,9,3-4,3-4,27.0,19.0,多云 ,  晴
2024年09月12日,2024,9,3-4,3-4,27.0,22.0,多云 ,  多云
2024年09月13日,2024,9,4-5,4-5,28.0,18.0,多云 ,  多云
2024年09月14日,2024,9,4-5,4-5,24.0,16.0,多云 ,  多云
2024年09月15日,2024,9,4-5,3-4,24.0,17.0,晴 ,  多云
2024年09月16日,2024,9,3-4,3-4,27.0,20.0,晴 ,  晴
2024年09月17日,2024,9,3-4,3-4,27.0,22.0,晴 ,  晴
2024年09月18日,2024,9,3-4,3-4,28.0,22.0,多云 ,  多云
2024年09月19日,2024,9,3-4,3-4,28.0,22.0,多云 ,  小雨
2024年09月20日,2024,9,5-6,5-6,20.0,14.0,阵雨 ,  阴
,2024,9,,,,,,
2024年09月21日,2024,9,5-6,4-5,19.0,13.0,晴 ,  晴
2024年09月22日,2024,9,4-5,3-4,21.0,14.0,晴 ,  晴
2024年09月23日,2024,9,3-4,3-4,22.0,16.0,晴 ,  晴
2024年09月24日,2024,9,3-4,3-4,24.0,19.0,晴 ,  阴
2024年09月25日,2024,9,3-4,3-4,25.0,16.0,多云 ,  晴
2024年09月26日,2024,9,3-4,3-4,23.0,16.0,晴 ,  晴
2024年09月27日,2024,9,3-4,3-4,25.0,17.0,晴 ,  晴
2024年09月28日,2024,9,3-4,3-4,25.0,21.0,晴 ,  晴
2024年09月29日,2024,9,3-4,3-4,25.0,21.0,多云 ,  多云
2024年09月30日,2024,9,4-5,4-5,23.0,12.0,小雨 ,  小雨
2024年10月01日,2024,10,4-5,4-5,18.0,12.0,晴 ,  晴
2024年10月02日,2024,10,3-4,3-4,18.0,12.0,晴 ,  晴
2024年10月03日,2024,10,3-4,3-4,21.0,15.0,晴 ,  晴
2024年10月04日,2024,10,3-4,3-4,21.0,15.0,晴 ,  晴
2024年10月05日,2024,10,3-4,3-4,22.0,17.0,晴 ,  多云
2024年10月06日,2024,10,4-5,4-5,22.0,11.0,多云 ,  多云
2024年10月07日,2024,10,4-5,3-4,17.0,12.0,晴 ,  晴
2024年10月08日,2024,10,3-4,3-4,21.0,13.0,晴 ,  多云
2024年10月09日,2024,10,3-4,4-5,21.0,15.0,多云 ,  阴
2024年10月10日,2024,10,4-5,3-4,20.0,12.0,多云 ,  晴
2024年10月11日,2024,10,3-4,3-4,21.0,15.0,晴 ,  晴
2024年10月12日,2024,10,3-4,3-4,23.0,16.0,晴 ,  多云
2024年10月13日,2024,10,3-4,3-4,21.0,17.0,多云 ,  多云
2024年10月14日,2024,10,4-5,4-5,22.0,13.0,小雨 ,  多云
2024年10月15日,2024,10,4-5,4-5,17.0,8.0,晴 ,  晴
2024年10月16日,2024,10,3-4,3-4,19.0,10.0,晴 ,  多云
2024年10月17日,2024,10,3-4,3-4,22.0,18.0,多云 ,  小雨
2024年10月18日,2024,10,5-6,5-6,17.0,2.0,中到大雨 ,  多云
2024年10月19日,2024,10,5-6,4-5,6.0,1.0,晴 ,  晴
2024年10月20日,2024,10,4-5,4-5,17.0,6.0,小雨 ,  小雨
,2024,10,,,,,,
2024年10月21日,2024,10,3-4,3-4,17.0,11.0,多云 ,  小雨
2024年10月22日,2024,10,4-5,4-5,13.0,6.0,小到中雨 ,  多云
2024年10月23日,2024,10,4-5,4-5,16.0,10.0,晴 ,  晴
2024年10月24日,2024,10,3-4,3-4,19.0,13.0,晴 ,  晴
2024年10月25日,2024,10,3-4,3-4,19.0,12.0,晴 ,  晴
2024年10月26日,2024,10,3-4,4-5,17.0,8.0,晴 ,  多云
2024年10月27日,2024,10,4-5,4-5,10.0,7.0,多云 ,  晴
2024年10月28日,2024,10,3-4,3-4,15.0,8.0,晴 ,  多云
2024年10月29日,2024,10,3-4,3-4,18.0,10.0,多云 ,  晴
2024年10月30日,2024,10,3-4,3-4,17.0,11.0,晴 ,  晴
2024年10月31日,2024,10,3-4,3-4,19.0,13.0,晴 ,  阴
2024年11月01日,2024,11,4-5,4-5,19.0,10.0,多云 ,  晴
2024年11月02日,2024,11,3-4,3-4,19.0,12.0,晴 ,  晴
2024年11月03日,2024,11,4-5,4-5,20.0,7.0,多云 ,  多云
2024年11月04日,2024,11,4-5,4-5,9.0,4.0,晴 ,  多云
2024年11月05日,2024,11,4-5,3-4,13.0,3.0,多云 ,  晴
2024年11月06日,2024,11,1-3,1-3,10.0,6.0,晴 ,  晴
2024年11月07日,2024,11,1-3,1-3,14.0,10.0,晴 ,  晴
2024年11月08日,2024,11,4-5,3-4,16.0,13.0,多云 ,  多云
2024年11月09日,2024,11,3-4,3-4,17.0,13.0,多云 ,  多云
2024年11月10日,2024,11,3-4,4-5,17.0,6.0,多云 ,  晴
2024年11月11日,2024,11,3-4,3-4,15.0,10.0,晴 ,  多云
2024年11月12日,2024,11,3-4,3-4,15.0,11.0,晴 ,  晴
2024年11月13日,2024,11,3-4,3-4,16.0,13.0,多云 ,  阴
2024年11月14日,2024,11,3-4,3-4,16.0,12.0,阵雨 ,  阴
2024年11月15日,2024,11,3-4,3-4,17.0,13.0,多云 ,  小雨
2024年11月16日,2024,11,4-5,4-5,15.0,1.0,多云 ,  晴
2024年11月17日,2024,11,4-5,4-5,6.0,1.0,晴 ,  晴
2024年11月18日,2024,11,4-5,3-4,4.0,-1.0,晴 ,  多云
2024年11月19日,2024,11,4-5,4-5,11.0,4.0,多云 ,  多云
2024年11月20日,2024,11,4-5,4-5,13.0,8.0,晴 ,  晴
,2024,11,,,,,,
2024年11月21日,2024,11,4-5,4-5,12.0,3.0,晴 ,  晴
2024年11月22日,2024,11,4-5,4-5,9.0,0.0,晴 ,  晴
2024年11月23日,2024,11,3-4,3-4,8.0,0.0,晴 ,  晴
2024年11月24日,2024,11,3-4,3-4,12.0,8.0,晴 ,  多云
2024年11月25日,2024,11,4-5,4-5,12.0,1.0,中雨 ,  雨夹雪
2024年11月26日,2024,11,4-5,4-5,0.0,-4.0,阵雪 ,  阵雪
2024年11月27日,2024,11,4-5,4-5,2.0,-2.0,阵雪 ,  多云
2024年11月28日,2024,11,4-5,4-5,4.0,1.0,多云 ,  晴
2024年11月29日,2024,11,4-5,3-4,9.0,2.0,晴 ,  晴
2024年11月30日,2024,11,3-4,3-4,13.0,7.0,晴 ,  多云
2024年12月01日,2024,12,4-5,4-5,13.0,-3.0,多云 ,  多云
2024年12月02日,2024,12,4-5,3-4,2.0,-3.0,晴 ,  晴
2024年12月03日,2024,12,4-5,3-4,7.0,0.0,晴 ,  晴
2024年12月04日,2024,12,4-5,4-5,5.0,-1.0,晴 ,  晴
2024年12月05日,2024,12,4-5,4-5,7.0,-2.0,晴 ,  晴
2024年12月06日,2024,12,3-4,4-5,3.0,-3.0,晴 ,  多云
2024年12月07日,2024,12,4-5,4-5,2.0,-4.0,多云 ,  晴
2024年12月08日,2024,12,4-5,3-4,4.0,-1.0,晴 ,  晴
2024年12月09日,2024,12,4-5,3-4,7.0,0.0,晴 ,  晴
2024年12月10日,2024,12,4-5,4-5,4.0,-3.0,晴 ,  多云
2024年12月11日,2024,12,4-5,3-4,0.0,-4.0,多云 ,  多云
2024年12月12日,2024,12,4-5,4-5,4.0,0.0,阵雨 ,  雨夹雪
2024年12月13日,2024,12,4-5,4-5,2.0,-3.0,多云 ,  晴
2024年12月14日,2024,12,4-5,4-5,3.0,-1.0,晴 ,  晴
2024年12月15日,2024,12,4-5,4-5,3.0,-2.0,晴 ,  晴
2024年12月16日,2024,12,3-4,4-5,4.0,-2.0,晴 ,  多云
2024年12月17日,2024,12,4-5,4-5,-1.0,-6.0,晴 ,  晴
2024年12月18日,2024,12,4-5,4-5,-3.0,-7.0,晴 ,  晴
2024年12月19日,2024,12,3-4,4-5,3.0,-5.0,晴 ,  多云
2024年12月20日,2024,12,4-5,4-5,4.0,-6.0,多云 ,  多云
,2024,12,,,,,,
2024年12月21日,2024,12,4-5,4-5,-1.0,-6.0,多云 ,  晴
2024年12月22日,2024,12,4-5,4-5,3.0,-1.0,晴 ,  晴
2024年12月23日,2024,12,4-5,3-4,2.0,-4.0,晴 ,  晴
2024年12月24日,2024,12,3-4,4-5,5.0,-2.0,晴 ,  晴
2024年12月25日,2024,12,4-5,4-5,6.0,-6.0,晴 ,  晴
2024年12月26日,2024,12,4-5,4-5,0.0,-6.0,晴 ,  多云
2024年12月27日,2024,12,4-5,4-5,0.0,-4.0,多云 ,  晴
2024年12月28日,2024,12,4-5,3-4,3.0,-2.0,晴 ,  晴
2024年12月29日,2024,12,4-5,4-5,6.0,0.0,晴 ,  晴
2024年12月30日,2024,12,4-5,4-5,7.0,-2.0,晴 ,  晴
2024年12月31日,2024,12,4-5,3-4,5.0,-2.0,晴 ,  晴
2025年01月01日,2025,1,3-4,3-4,4.0,-3.0,晴 ,  晴
2025年01月02日,2025,1,4-5,4-5,0.0,-3.0,晴 ,  晴
2025年01月03日,2025,1,3-4,3-4,2.0,-3.0,晴 ,  晴
2025年01月04日,2025,1,4-5,4-5,6.0,0.0,晴 ,  多云
2025年01月05日,2025,1,4-5,4-5,5.0,-5.0,多云 ,  晴
2025年01月06日,2025,1,4-5,4-5,-1.0,-5.0,晴 ,  晴
2025年01月07日,2025,1,4-5,4-5,0.0,-7.0,多云 ,  多云
2025年01月08日,2025,1,4-5,4-5,-5.0,-10.0,多云 ,  多云
2025年01月09日,2025,1,4-5,4-5,-5.0,-11.0,多云 ,  晴
2025年01月10日,2025,1,4-5,3-4,-4.0,-7.0,晴 ,  晴
2025年01月11日,2025,1,3-4,3-4,1.0,-6.0,多云 ,  多云
2025年01月12日,2025,1,3-4,3-4,1.0,-5.0,晴 ,  多云
2025年01月13日,2025,1,3-4,3-4,4.0,-4.0,晴 ,  晴
2025年01月14日,2025,1,4-5,4-5,0.0,-6.0,多云 ,  晴
2025年01月15日,2025,1,4-5,4-5,2.0,-6.0,晴 ,  晴
2025年01月16日,2025,1,4-5,3-4,4.0,-2.0,晴 ,  晴
2025年01月17日,2025,1,4-5,3-4,7.0,1.0,晴 ,  晴
2025年01月18日,2025,1,4-5,3-4,7.0,-1.0,晴 ,  晴
2025年01月19日,2025,1,3-4,3-4,5.0,-1.0,晴 ,  晴
2025年01月20日,2025,1,3-4,3-4,7.0,0.0,晴 ,  晴
,2025,1,,,,,,
2025年01月21日,2025,1,3-4,3-4,5.0,-2.0,晴 ,  晴
2025年01月22日,2025,1,1-3,3-4,4.0,-2.0,晴 ,  晴
2025年01月23日,2025,1,3-4,3-4,5.0,0.0,晴 ,  晴
2025年01月24日,2025,1,3-4,3-4,6.0,-2.0,晴 ,  晴
2025年01月25日,2025,1,3-4,3-4,4.0,-1.0,晴 ,  多云
2025年01月26日,2025,1,3-4,5-6,3.0,-5.0,小雪 ,  中到大雪
2025年01月27日,2025,1,5-6,4-5,-5.0,-7.0,小雪 ,  阴
2025年01月28日,2025,1,4-5,4-5,-6.0,-9.0,多云 ,  晴
2025年01月29日,2025,1,3-4,3-4,-5.0,-9.0,晴 ,  晴
2025年01月30日,2025,1,3-4,3-4,-4.0,-8.0,小雪 ,  小雪
2025年01月31日,2025,1,3-4,3-4,-2.0,-9.0,阴 ,  晴
2025年02月01日,2025,2,3-4,3-4,-2.0,-8.0,晴 ,  多云
2025年02月02日,2025,2,4-5,4-5,0.0,-8.0,雨夹雪 ,  多云
2025年02月03日,2025,2,4-5,3-4,-6.0,-10.0,多云 ,  多云
2025年02月04日,2025,2,4-5,4-5,-6.0,-11.0,多云 ,  多云
2025年02月05日,2025,2,4-5,4-5,-1.0,-9.0,多云 ,  多云
2025年02月06日,2025,2,4-5,5-6,0.0,-11.0,小雪 ,  小雪
2025年02月07日,2025,2,5-6,4-5,-6.0,-11.0,阵雪 ,  多云
2025年02月08日,2025,2,4-5,3-4,-5.0,-8.0,晴 ,  晴
2025年02月09日,2025,2,3-4,3-4,0.0,-7.0,晴 ,  晴
2025年02月10日,2025,2,4-5,4-5,5.0,-2.0,晴 ,  晴
2025年02月11日,2025,2,4-5,4-5,7.0,-2.0,多云 ,  雨夹雪
2025年02月12日,2025,2,4-5,3-4,1.0,-3.0,多云 ,  晴
2025年02月13日,2025,2,4-5,3-4,7.0,2.0,晴 ,  晴
2025年02月14日,2025,2,3-4,3-4,9.0,3.0,晴 ,  多云
2025年02月15日,2025,2,3-4,4-5,10.0,-2.0,晴 ,  晴
2025年02月16日,2025,2,4-5,4-5,3.0,-3.0,晴 ,  晴
2025年02月17日,2025,2,4-5,3-4,1.0,-4.0,晴 ,  晴
2025年02月18日,2025,2,3-4,3-4,1.0,-4.0,晴 ,  晴
2025年02月19日,2025,2,4-5,3-4,0.0,-5.0,晴 ,  晴
2025年02月20日,2025,2,4-5,3-4,0.0,-5.0,晴 ,  晴
,2025,2,,,,,,
2025年02月21日,2025,2,3-4,3-4,-1.0,-6.0,晴 ,  晴
2025年02月22日,2025,2,4-5,4-5,-1.0,-6.0,晴 ,  多云
2025年02月23日,2025,2,4-5,3-4,0.0,-5.0,晴 ,  晴
2025年02月24日,2025,2,4-5,4-5,7.0,0.0,晴 ,  晴
2025年02月25日,2025,2,4-5,3-4,7.0,0.0,多云 ,  晴
2025年02月26日,2025,2,4-5,3-4,10.0,2.0,晴 ,  晴
2025年02月27日,2025,2,4-5,4-5,12.0,5.0,多云 ,  晴
2025年02月28日,2025,2,3-4,3-4,13.0,5.0,晴 ,  多云
2025年03月01日,2025,3,4-5,4-5,8.0,0.0,阴 ,  阴
2025年03月02日,2025,3,5-6,4-5,5.0,0.0,多云 ,  多云
2025年03月03日,2025,3,4-5,3-4,4.0,0.0,多云 ,  多云
2025年03月04日,2025,3,3-4,3-4,3.0,0.0,多云 ,  多云
2025年03月05日,2025,3,3-4,3-4,7.0,0.0,晴 ,  晴
2025年03月06日,2025,3,4-5,3-4,5.0,0.0,晴 ,  多云
2025年03月07日,2025,3,3-4,3-4,7.0,3.0,多云 ,  小雨
2025年03月08日,2025,3,3-4,3-4,9.0,2.0,阴 ,  晴
2025年03月09日,2025,3,3-4,4-5,10.0,2.0,晴 ,  晴
2025年03月10日,2025,3,4-5,3-4,11.0,5.0,晴 ,  多云
2025年03月11日,2025,3,4-5,4-5,12.0,6.0,多云 ,  多云
2025年03月12日,2025,3,4-5,3-4,15.0,5.0,晴 ,  晴
2025年03月13日,2025,3,3-4,3-4,11.0,5.0,晴 ,  晴
2025年03月14日,2025,3,3-4,3-4,11.0,4.0,晴 ,  晴
2025年03月15日,2025,3,4-5,4-5,10.0,1.0,多云 ,  多云
2025年03月16日,2025,3,4-5,3-4,4.0,0.0,晴 ,  多云
2025年03月17日,2025,3,4-5,4-5,5.0,-1.0,雨夹雪 ,  阴
2025年03月18日,2025,3,4-5,3-4,6.0,1.0,晴 ,  晴
2025年03月19日,2025,3,3-4,3-4,12.0,4.0,晴 ,  晴
2025年03月20日,2025,3,4-5,3-4,16.0,8.0,晴 ,  晴
,2025,3,,,,,,
2025年03月21日,2025,3,4-5,4-5,21.0,15.0,晴 ,  晴
2025年03月22日,2025,3,4-5,3-4,24.0,13.0,晴 ,  晴
2025年03月23日,2025,3,4-5,4-5,23.0,9.0,多云 ,  多云
2025年03月24日,2025,3,4-5,3-4,15.0,8.0,多云 ,  多云
2025年03月25日,2025,3,5-6,4-5,17.0,5.0,晴 ,  多云
2025年03月26日,2025,3,4-5,4-5,12.0,4.0,多云 ,  多云
2025年03月27日,2025,3,4-5,4-5,8.0,2.0,多云 ,  晴
2025年03月28日,2025,3,3-4,4-5,8.0,0.0,多云 ,  多云
2025年03月29日,2025,3,3-4,3-4,7.0,2.0,晴 ,  晴
2025年03月30日,2025,3,3-4,3-4,8.0,3.0,晴 ,  晴
2025年03月31日,2025,3,4-5,4-5,15.0,8.0,晴 ,  晴
2025年04月01日,2025,4,4-5,3-4,15.0,7.0,多云 ,  阴
2025年04月02日,2025,4,4-5,3-4,12.0,4.0,多云 ,  晴
2025年04月03日,2025,4,4-5,4-5,14.0,8.0,晴 ,  多云
2025年04月04日,2025,4,4-5,4-5,14.0,7.0,小雨 ,  多云
2025年04月05日,2025,4,4-5,3-4,15.0,7.0,晴 ,  晴
2025年04月06日,2025,4,3-4,3-4,18.0,8.0,晴 ,  晴
2025年04月07日,2025,4,3-4,3-4,18.0,7.0,晴 ,  晴
2025年04月08日,2025,4,4-5,3-4,18.0,7.0,晴 ,  阴
2025年04月09日,2025,4,3-4,3-4,12.0,6.0,阵雨 ,  晴
2025年04月10日,2025,4,3-4,3-4,17.0,10.0,晴 ,  晴
2025年04月11日,2025,4,4-5,4-5,16.0,9.0,多云 ,  小到中雨
2025年04月12日,2025,4,4-5,5-6,13.0,5.0,阴 ,  多云
2025年04月13日,2025,4,4-5,5-6,9.0,5.0,多云 ,  小雨
2025年04月14日,2025,4,3-4,3-4,12.0,6.0,多云 ,  晴
2025年04月15日,2025,4,3-4,3-4,17.0,9.0,晴 ,  晴
2025年04月16日,2025,4,4-5,3-4,14.0,8.0,多云 ,  多云
2025年04月17日,2025,4,4-5,4-5,16.0,10.0,多云 ,  多云
2025年04月18日,2025,4,1-3,3-4,16.0,8.0,阴 ,  小到中雨
2025年04月19日,2025,4,3-4,3-4,16.0,8.0,晴 ,  晴
2025年04月20日,2025,4,3-4,3-4,17.0,9.0,晴 ,  晴
,2025,4,,,,,,
2025年04月21日,2025,4,4-5,4-5,16.0,11.0,多云 ,  小雨
2025年04月22日,2025,4,4-5,3-4,19.0,10.0,晴 ,  晴
2025年04月23日,2025,4,4-5,4-5,20.0,11.0,晴 ,  晴
2025年04月24日,2025,4,4-5,3-4,17.0,9.0,晴 ,  晴
2025年04月25日,2025,4,3-4,3-4,19.0,11.0,晴 ,  晴
2025年04月26日,2025,4,4-5,4-5,22.0,11.0,多云 ,  雷阵雨
2025年04月27日,2025,4,4-5,3-4,16.0,8.0,阵雨 ,  晴
2025年04月28日,2025,4,4-5,3-4,19.0,10.0,晴 ,  晴
2025年04月29日,2025,4,4-5,3-4,22.0,14.0,晴 ,  多云
2025年04月30日,2025,4,3-4,4-5,22.0,11.0,阴 ,  雷阵雨
2025年05月01日,2025,5,4-5,3-4,18.0,10.0,晴 ,  多云
2025年05月02日,2025,5,3-4,3-4,16.0,10.0,阵雨 ,  多云
2025年05月03日,2025,5,4-5,3-4,18.0,11.0,晴 ,  晴
2025年05月04日,2025,5,4-5,3-4,20.0,12.0,晴 ,  多云
2025年05月05日,2025,5,4-5,3-4,17.0,10.0,多云 ,  雷阵雨
2025年05月06日,2025,5,3-4,3-4,17.0,10.0,多云 ,  晴
2025年05月07日,2025,5,3-4,3-4,17.0,11.0,晴 ,  多云
2025年05月08日,2025,5,4-5,3-4,17.0,12.0,多云 ,  多云
2025年05月09日,2025,5,3-4,4-5,15.0,11.0,小雨 ,  中雨
2025年05月10日,2025,5,4-5,4-5,19.0,12.0,多云 ,  晴
2025年05月11日,2025,5,4-5,4-5,22.0,14.0,晴 ,  晴
2025年05月12日,2025,5,4-5,4-5,21.0,16.0,晴 ,  晴
2025年05月13日,2025,5,4-5,3-4,24.0,15.0,晴 ,  晴
2025年05月14日,2025,5,4-5,3-4,22.0,12.0,阴 ,  多云
2025年05月15日,2025,5,3-4,3-4,22.0,12.0,晴 ,  晴
2025年05月16日,2025,5,4-5,4-5,16.0,11.0,多云 ,  雷阵雨
2025年05月17日,2025,5,4-5,3-4,19.0,12.0,多云 ,  晴
2025年05月18日,2025,5,4-5,4-5,21.0,14.0,多云 ,  阵雨
2025年05月19日,2025,5,3-4,3-4,23.0,14.0,多云 ,  晴
2025年05月20日,2025,5,4-5,3-4,20.0,14.0,多云 ,  多云
,2025,5,,,,,,
2025年05月21日,2025,5,4-5,4-5,23.0,16.0,晴 ,  晴
2025年05月22日,2025,5,4-5,4-5,25.0,15.0,多云 ,  小雨
2025年05月23日,2025,5,3-4,3-4,21.0,13.0,多云 ,  晴
2025年05月24日,2025,5,3-4,3-4,23.0,16.0,晴 ,  晴
2025年05月25日,2025,5,3-4,1-3,24.0,15.0,晴 ,  晴
2025年05月26日,2025,5,3-4,3-4,23.0,16.0,晴 ,  多云
2025年05月27日,2025,5,4-5,4-5,20.0,14.0,阵雨 ,  阵雨
2025年05月28日,2025,5,4-5,3-4,23.0,15.0,多云 ,  多云
2025年05月29日,2025,5,3-4,3-4,23.0,16.0,晴 ,  晴
2025年05月30日,2025,5,3-4,3-4,24.0,17.0,晴 ,  多云
2025年05月31日,2025,5,3-4,3-4,23.0,16.0,多云 ,  阴
2025年06月01日,2025,6,3-4,3-4,24.0,17.0,晴 ,  多云
2025年06月02日,2025,6,4-5,3-4,24.0,18.0,多云 ,  多云
2025年06月03日,2025,6,4-5,4-5,26.0,18.0,晴 ,  晴
2025年06月04日,2025,6,4-5,4-5,27.0,18.0,晴 ,  晴
2025年06月05日,2025,6,4-5,4-5,28.0,20.0,晴 ,  多云
2025年06月06日,2025,6,3-4,4-5,28.0,18.0,多云 ,  多云
2025年06月07日,2025,6,4-5,3-4,26.0,16.0,晴 ,  晴
2025年06月08日,2025,6,3-4,3-4,26.0,16.0,晴 ,  多云
2025年06月09日,2025,6,4-5,3-4,22.0,16.0,中雨 ,  阴
2025年06月10日,2025,6,4-5,3-4,26.0,18.0,晴 ,  晴
2025年06月11日,2025,6,4-5,3-4,29.0,20.0,晴 ,  晴
2025年06月12日,2025,6,4-5,4-5,28.0,18.0,晴 ,  晴
2025年06月13日,2025,6,4-5,3-4,25.0,19.0,多云 ,  多云
2025年06月14日,2025,6,3-4,4-5,24.0,18.0,阵雨 ,  中雨
2025年06月15日,2025,6,4-5,3-4,25.0,19.0,小到中雨 ,  多云
2025年06月16日,2025,6,4-5,3-4,25.0,17.0,阵雨 ,  晴
2025年06月17日,2025,6,3-4,3-4,28.0,20.0,晴 ,  多云
2025年06月18日,2025,6,4-5,4-5,28.0,22.0,多云 ,  雷阵雨
2025年06月19日,2025,6,4-5,3-4,25.0,20.0,多云 ,  中雨
2025年06月20日,2025,6,4-5,3-4,27.0,20.0,多云 ,  晴
,2025,6,,,,,,
2025年06月21日,2025,6,3-4,3-4,28.0,21.0,晴 ,  晴
2025年06月22日,2025,6,3-4,1-3,31.0,21.0,晴 ,  晴
2025年06月23日,2025,6,3-4,3-4,30.0,21.0,晴 ,  晴
2025年06月24日,2025,6,3-4,1-3,28.0,22.0,晴 ,  晴
2025年06月25日,2025,6,3-4,3-4,29.0,22.0,晴 ,  多云
2025年06月26日,2025,6,3-4,3-4,29.0,22.0,多云 ,  阵雨
2025年06月27日,2025,6,3-4,3-4,25.0,20.0,阵雨 ,  阵雨
2025年06月28日,2025,6,3-4,3-4,25.0,22.0,阴 ,  阴
2025年06月29日,2025,6,3-4,4-5,26.0,22.0,小雨 ,  中雨
2025年06月30日,2025,6,4-5,4-5,25.0,22.0,小到中雨 ,  多云
